Record Length,2.500000e+03,,   0.621000000000,  -5.04000,
Sample Interval,1.000000e-04,,   0.621100000000,  -5.04000,
Trigger Point,-6.210000000000e+03,,   0.621200000000,  -5.04000,
,,,   0.621300000000,  -5.04000,
,,,   0.621400000000,  -5.04000,
,,,   0.621500000000,  -5.04000,
Source,CH1,,   0.621600000000,  -5.04000,
Vertical Units,V,,   0.621700000000,  -5.04000,
Vertical Scale,2.000000e+00,,   0.621800000000,  -5.04000,
Vertical Offset,-8.000000e-01,,   0.621900000000,  -5.04000,
Horizontal Units,s,,   0.622000000000,  -5.04000,
Horizontal Scale,2.500000e-02,,   0.622100000000,  -5.04000,
Pt Fmt,Y,,   0.622200000000,  -5.04000,
Yzero,0.000000e+00,,   0.622300000000,  -5.04000,
Probe Atten,1.000000e+00,,   0.622400000000,  -5.04000,
Model Number,TDS2012C,,   0.622500000000,  -5.04000,
Serial Number,C018359,,   0.622600000000,  -5.04000,
Firmware Version,FV:v24.17,,   0.622700000000,  -5.04000,
,,,0.622800000000,  -5.04000,
,,,0.622900000000,  -5.04000,
,,,0.623000000000,  -5.04000,
,,,0.623100000000,  -5.04000,
,,,0.623200000000,  -5.04000,
,,,0.623300000000,  -5.04000,
,,,0.623400000000,  -5.04000,
,,,0.623500000000,  -5.04000,
,,,0.623600000000,  -5.04000,
,,,0.623700000000,  -5.04000,
,,,0.623800000000,  -5.04000,
,,,0.623900000000,  -5.04000,
,,,0.624000000000,  -5.04000,
,,,0.624100000000,  -5.04000,
,,,0.624200000000,  -5.04000,
,,,0.624300000000,  -5.04000,
,,,0.624400000000,  -5.04000,
,,,0.624500000000,  -5.04000,
,,,0.624600000000,  -5.04000,
,,,0.624700000000,  -5.04000,
,,,0.624800000000,  -5.04000,
,,,0.624900000000,  -5.04000,
,,,0.625000000000,  -5.04000,
,,,0.625100000000,  -5.04000,
,,,0.625200000000,  -5.04000,
,,,0.625300000000,  -5.04000,
,,,0.625400000000,  -5.04000,
,,,0.625500000000,  -5.04000,
,,,0.625600000000,  -5.04000,
,,,0.625700000000,  -5.04000,
,,,0.625800000000,  -5.04000,
,,,0.625900000000,  -5.04000,
,,,0.626000000000,  -5.04000,
,,,0.626100000000,  -5.04000,
,,,0.626200000000,  -5.04000,
,,,0.626300000000,  -5.04000,
,,,0.626400000000,  -5.04000,
,,,0.626500000000,  -5.04000,
,,,0.626600000000,  -5.04000,
,,,0.626700000000,  -5.04000,
,,,0.626800000000,  -5.04000,
,,,0.626900000000,  -5.04000,
,,,0.627000000000,  -5.04000,
,,,0.627100000000,  -5.04000,
,,,0.627200000000,  -5.04000,
,,,0.627300000000,  -5.04000,
,,,0.627400000000,  -5.04000,
,,,0.627500000000,  -5.04000,
,,,0.627600000000,  -5.04000,
,,,0.627700000000,  -5.04000,
,,,0.627800000000,  -5.04000,
,,,0.627900000000,  -5.04000,
,,,0.628000000000,  -4.96000,
,,,0.628100000000,  -5.04000,
,,,0.628200000000,  -5.04000,
,,,0.628300000000,  -5.04000,
,,,0.628400000000,  -5.04000,
,,,0.628500000000,  -5.04000,
,,,0.628600000000,  -5.04000,
,,,0.628700000000,  -5.04000,
,,,0.628800000000,  -5.04000,
,,,0.628900000000,  -5.04000,
,,,0.629000000000,  -5.04000,
,,,0.629100000000,  -5.04000,
,,,0.629200000000,  -5.04000,
,,,0.629300000000,  -5.04000,
,,,0.629400000000,  -5.04000,
,,,0.629500000000,  -5.04000,
,,,0.629600000000,  -5.04000,
,,,0.629700000000,  -5.04000,
,,,0.629800000000,  -5.04000,
,,,0.629900000000,  -5.04000,
,,,0.630000000000,  -5.04000,
,,,0.630100000000,  -5.04000,
,,,0.630200000000,  -5.04000,
,,,0.630300000000,  -5.04000,
,,,0.630400000000,  -5.04000,
,,,0.630500000000,  -5.04000,
,,,0.630600000000,  -5.04000,
,,,0.630700000000,  -5.04000,
,,,0.630800000000,  -5.04000,
,,,0.630900000000,  -5.04000,
,,,0.631000000000,  -5.04000,
,,,0.631100000000,  -5.04000,
,,,0.631200000000,  -5.04000,
,,,0.631300000000,  -5.04000,
,,,0.631400000000,  -5.04000,
,,,0.631500000000,  -5.04000,
,,,0.631600000000,  -5.04000,
,,,0.631700000000,  -5.04000,
,,,0.631800000000,  -5.04000,
,,,0.631900000000,  -5.04000,
,,,0.632000000000,  -5.04000,
,,,0.632100000000,  -5.04000,
,,,0.632200000000,  -5.04000,
,,,0.632300000000,  -5.04000,
,,,0.632400000000,  -5.04000,
,,,0.632500000000,  -5.04000,
,,,0.632600000000,  -5.04000,
,,,0.632700000000,  -5.04000,
,,,0.632800000000,  -5.04000,
,,,0.632900000000,  -5.04000,
,,,0.633000000000,  -5.04000,
,,,0.633100000000,  -5.04000,
,,,0.633200000000,  -5.04000,
,,,0.633300000000,  -5.04000,
,,,0.633400000000,  -5.04000,
,,,0.633500000000,  -5.04000,
,,,0.633600000000,  -5.04000,
,,,0.633700000000,  -5.04000,
,,,0.633800000000,  -5.04000,
,,,0.633900000000,  -5.04000,
,,,0.634000000000,  -5.04000,
,,,0.634100000000,  -5.04000,
,,,0.634200000000,  -5.04000,
,,,0.634300000000,  -5.04000,
,,,0.634400000000,  -5.04000,
,,,0.634500000000,  -5.04000,
,,,0.634600000000,  -5.04000,
,,,0.634700000000,  -5.04000,
,,,0.634800000000,  -5.04000,
,,,0.634900000000,  -5.04000,
,,,0.635000000000,  -5.04000,
,,,0.635100000000,  -5.04000,
,,,0.635200000000,  -5.04000,
,,,0.635300000000,  -5.04000,
,,,0.635400000000,  -5.04000,
,,,0.635500000000,  -5.04000,
,,,0.635600000000,  -5.04000,
,,,0.635700000000,  -5.04000,
,,,0.635800000000,  -5.04000,
,,,0.635900000000,  -5.04000,
,,,0.636000000000,  -5.04000,
,,,0.636100000000,  -5.04000,
,,,0.636200000000,  -5.04000,
,,,0.636300000000,  -5.04000,
,,,0.636400000000,  -5.04000,
,,,0.636500000000,  -5.04000,
,,,0.636600000000,  -5.04000,
,,,0.636700000000,  -5.04000,
,,,0.636800000000,  -5.04000,
,,,0.636900000000,  -5.04000,
,,,0.637000000000,  -5.04000,
,,,0.637100000000,  -5.04000,
,,,0.637200000000,  -5.04000,
,,,0.637300000000,  -5.04000,
,,,0.637400000000,  -5.04000,
,,,0.637500000000,  -5.04000,
,,,0.637600000000,  -5.04000,
,,,0.637700000000,  -5.04000,
,,,0.637800000000,  -5.04000,
,,,0.637900000000,  -5.04000,
,,,0.638000000000,  -5.04000,
,,,0.638100000000,  -5.04000,
,,,0.638200000000,  -5.04000,
,,,0.638300000000,  -5.04000,
,,,0.638400000000,  -5.04000,
,,,0.638500000000,  -5.04000,
,,,0.638600000000,  -5.04000,
,,,0.638700000000,  -5.04000,
,,,0.638800000000,  -5.04000,
,,,0.638900000000,  -5.04000,
,,,0.639000000000,  -5.04000,
,,,0.639100000000,  -5.04000,
,,,0.639200000000,  -5.04000,
,,,0.639300000000,  -5.04000,
,,,0.639400000000,  -5.04000,
,,,0.639500000000,  -5.04000,
,,,0.639600000000,  -5.04000,
,,,0.639700000000,  -5.04000,
,,,0.639800000000,  -5.04000,
,,,0.639900000000,  -5.04000,
,,,0.640000000000,  -5.04000,
,,,0.640100000000,  -5.04000,
,,,0.640200000000,  -5.04000,
,,,0.640300000000,  -5.04000,
,,,0.640400000000,  -5.04000,
,,,0.640500000000,  -5.04000,
,,,0.640600000000,  -5.04000,
,,,0.640700000000,  -5.04000,
,,,0.640800000000,  -5.04000,
,,,0.640900000000,  -5.04000,
,,,0.641000000000,  -5.04000,
,,,0.641100000000,  -5.04000,
,,,0.641200000000,  -5.04000,
,,,0.641300000000,  -5.04000,
,,,0.641400000000,  -5.04000,
,,,0.641500000000,  -5.04000,
,,,0.641600000000,  -5.04000,
,,,0.641700000000,  -5.04000,
,,,0.641800000000,  -5.04000,
,,,0.641900000000,  -5.04000,
,,,0.642000000000,  -5.04000,
,,,0.642100000000,  -5.04000,
,,,0.642200000000,  -5.04000,
,,,0.642300000000,  -5.04000,
,,,0.642400000000,  -5.04000,
,,,0.642500000000,  -5.04000,
,,,0.642600000000,  -5.04000,
,,,0.642700000000,  -5.04000,
,,,0.642800000000,  -5.04000,
,,,0.642900000000,  -5.04000,
,,,0.643000000000,  -5.04000,
,,,0.643100000000,  -5.04000,
,,,0.643200000000,  -5.04000,
,,,0.643300000000,  -5.04000,
,,,0.643400000000,  -5.04000,
,,,0.643500000000,  -5.04000,
,,,0.643600000000,  -5.04000,
,,,0.643700000000,  -5.04000,
,,,0.643800000000,  -5.04000,
,,,0.643900000000,  -5.04000,
,,,0.644000000000,  -5.04000,
,,,0.644100000000,  -5.04000,
,,,0.644200000000,  -5.04000,
,,,0.644300000000,  -5.04000,
,,,0.644400000000,  -5.04000,
,,,0.644500000000,  -5.04000,
,,,0.644600000000,  -5.04000,
,,,0.644700000000,  -5.04000,
,,,0.644800000000,  -5.04000,
,,,0.644900000000,  -5.04000,
,,,0.645000000000,  -5.04000,
,,,0.645100000000,  -5.04000,
,,,0.645200000000,  -5.04000,
,,,0.645300000000,  -5.04000,
,,,0.645400000000,  -5.04000,
,,,0.645500000000,  -5.04000,
,,,0.645600000000,  -5.04000,
,,,0.645700000000,  -5.04000,
,,,0.645800000000,  -5.04000,
,,,0.645900000000,  -5.04000,
,,,0.646000000000,  -5.04000,
,,,0.646100000000,  -5.04000,
,,,0.646200000000,  -5.04000,
,,,0.646300000000,  -5.04000,
,,,0.646400000000,  -5.04000,
,,,0.646500000000,  -5.04000,
,,,0.646600000000,  -5.04000,
,,,0.646700000000,  -5.04000,
,,,0.646800000000,  -5.04000,
,,,0.646900000000,  -5.04000,
,,,0.647000000000,  -5.04000,
,,,0.647100000000,  -5.04000,
,,,0.647200000000,  -5.04000,
,,,0.647300000000,  -5.04000,
,,,0.647400000000,  -5.04000,
,,,0.647500000000,  -5.04000,
,,,0.647600000000,  -5.04000,
,,,0.647700000000,  -5.04000,
,,,0.647800000000,  -5.04000,
,,,0.647900000000,  -5.04000,
,,,0.648000000000,  -5.04000,
,,,0.648100000000,  -5.04000,
,,,0.648200000000,  -5.04000,
,,,0.648300000000,  -5.04000,
,,,0.648400000000,  -5.04000,
,,,0.648500000000,  -5.04000,
,,,0.648600000000,  -5.04000,
,,,0.648700000000,  -5.04000,
,,,0.648800000000,  -5.04000,
,,,0.648900000000,  -5.04000,
,,,0.649000000000,  -5.04000,
,,,0.649100000000,  -5.04000,
,,,0.649200000000,  -5.04000,
,,,0.649300000000,  -5.04000,
,,,0.649400000000,  -5.04000,
,,,0.649500000000,  -5.04000,
,,,0.649600000000,  -5.04000,
,,,0.649700000000,  -5.04000,
,,,0.649800000000,  -5.04000,
,,,0.649900000000,  -5.04000,
,,,0.650000000000,  -5.04000,
,,,0.650100000000,  -5.04000,
,,,0.650200000000,  -5.04000,
,,,0.650300000000,  -5.04000,
,,,0.650400000000,  -5.04000,
,,,0.650500000000,  -5.04000,
,,,0.650600000000,  -5.04000,
,,,0.650700000000,  -5.04000,
,,,0.650800000000,  -5.04000,
,,,0.650900000000,  -5.04000,
,,,0.651000000000,  -5.04000,
,,,0.651100000000,  -5.04000,
,,,0.651200000000,  -5.04000,
,,,0.651300000000,  -5.04000,
,,,0.651400000000,  -5.04000,
,,,0.651500000000,  -5.04000,
,,,0.651600000000,  -5.04000,
,,,0.651700000000,  -5.04000,
,,,0.651800000000,  -5.04000,
,,,0.651900000000,  -5.04000,
,,,0.652000000000,  -5.04000,
,,,0.652100000000,  -5.04000,
,,,0.652200000000,  -5.04000,
,,,0.652300000000,  -5.04000,
,,,0.652400000000,  -5.04000,
,,,0.652500000000,  -5.04000,
,,,0.652600000000,  -5.04000,
,,,0.652700000000,  -5.04000,
,,,0.652800000000,  -5.04000,
,,,0.652900000000,  -5.04000,
,,,0.653000000000,  -5.04000,
,,,0.653100000000,  -5.04000,
,,,0.653200000000,  -5.04000,
,,,0.653300000000,  -5.04000,
,,,0.653400000000,  -5.04000,
,,,0.653500000000,  -5.04000,
,,,0.653600000000,  -5.04000,
,,,0.653700000000,  -5.04000,
,,,0.653800000000,  -5.04000,
,,,0.653900000000,  -5.04000,
,,,0.654000000000,  -5.04000,
,,,0.654100000000,  -5.04000,
,,,0.654200000000,  -5.04000,
,,,0.654300000000,  -5.04000,
,,,0.654400000000,  -5.04000,
,,,0.654500000000,  -5.04000,
,,,0.654600000000,  -5.04000,
,,,0.654700000000,  -5.04000,
,,,0.654800000000,  -5.04000,
,,,0.654900000000,  -5.04000,
,,,0.655000000000,  -5.04000,
,,,0.655100000000,  -5.04000,
,,,0.655200000000,  -5.04000,
,,,0.655300000000,  -5.04000,
,,,0.655400000000,  -5.04000,
,,,0.655500000000,  -5.04000,
,,,0.655600000000,  -5.04000,
,,,0.655700000000,  -5.04000,
,,,0.655800000000,  -5.04000,
,,,0.655900000000,  -5.04000,
,,,0.656000000000,  -5.04000,
,,,0.656100000000,  -5.04000,
,,,0.656200000000,  -5.04000,
,,,0.656300000000,  -5.04000,
,,,0.656400000000,  -5.04000,
,,,0.656500000000,  -5.04000,
,,,0.656600000000,  -5.04000,
,,,0.656700000000,  -5.04000,
,,,0.656800000000,  -5.04000,
,,,0.656900000000,  -5.04000,
,,,0.657000000000,  -5.04000,
,,,0.657100000000,  -5.04000,
,,,0.657200000000,  -5.04000,
,,,0.657300000000,  -5.04000,
,,,0.657400000000,  -5.04000,
,,,0.657500000000,  -5.04000,
,,,0.657600000000,  -5.04000,
,,,0.657700000000,  -5.04000,
,,,0.657800000000,  -5.04000,
,,,0.657900000000,  -5.04000,
,,,0.658000000000,  -5.04000,
,,,0.658100000000,  -5.04000,
,,,0.658200000000,  -5.04000,
,,,0.658300000000,  -5.04000,
,,,0.658400000000,  -5.04000,
,,,0.658500000000,  -5.04000,
,,,0.658600000000,  -5.04000,
,,,0.658700000000,  -5.04000,
,,,0.658800000000,  -5.04000,
,,,0.658900000000,  -5.04000,
,,,0.659000000000,  -5.04000,
,,,0.659100000000,  -5.04000,
,,,0.659200000000,  -5.04000,
,,,0.659300000000,  -5.04000,
,,,0.659400000000,  -5.04000,
,,,0.659500000000,  -5.04000,
,,,0.659600000000,  -5.04000,
,,,0.659700000000,  -5.04000,
,,,0.659800000000,  -5.04000,
,,,0.659900000000,  -5.04000,
,,,0.660000000000,  -5.04000,
,,,0.660100000000,  -5.04000,
,,,0.660200000000,  -5.04000,
,,,0.660300000000,  -5.04000,
,,,0.660400000000,  -5.04000,
,,,0.660500000000,  -5.04000,
,,,0.660600000000,  -5.04000,
,,,0.660700000000,  -5.04000,
,,,0.660800000000,  -5.04000,
,,,0.660900000000,  -5.04000,
,,,0.661000000000,  -5.04000,
,,,0.661100000000,  -5.04000,
,,,0.661200000000,  -5.04000,
,,,0.661300000000,  -5.04000,
,,,0.661400000000,  -5.04000,
,,,0.661500000000,  -5.04000,
,,,0.661600000000,  -5.04000,
,,,0.661700000000,  -5.04000,
,,,0.661800000000,  -5.04000,
,,,0.661900000000,  -5.04000,
,,,0.662000000000,  -5.04000,
,,,0.662100000000,  -5.04000,
,,,0.662200000000,  -5.04000,
,,,0.662300000000,  -5.04000,
,,,0.662400000000,  -5.04000,
,,,0.662500000000,  -5.04000,
,,,0.662600000000,  -5.04000,
,,,0.662700000000,  -5.04000,
,,,0.662800000000,  -5.04000,
,,,0.662900000000,  -5.04000,
,,,0.663000000000,  -5.04000,
,,,0.663100000000,  -5.04000,
,,,0.663200000000,  -5.04000,
,,,0.663300000000,  -5.04000,
,,,0.663400000000,  -5.04000,
,,,0.663500000000,  -5.04000,
,,,0.663600000000,  -5.04000,
,,,0.663700000000,  -5.04000,
,,,0.663800000000,  -5.04000,
,,,0.663900000000,  -5.04000,
,,,0.664000000000,  -5.04000,
,,,0.664100000000,  -5.04000,
,,,0.664200000000,  -5.04000,
,,,0.664300000000,  -5.04000,
,,,0.664400000000,  -5.04000,
,,,0.664500000000,  -5.04000,
,,,0.664600000000,  -5.04000,
,,,0.664700000000,  -5.04000,
,,,0.664800000000,  -5.04000,
,,,0.664900000000,  -5.04000,
,,,0.665000000000,  -5.04000,
,,,0.665100000000,  -5.04000,
,,,0.665200000000,  -5.04000,
,,,0.665300000000,  -5.04000,
,,,0.665400000000,  -5.04000,
,,,0.665500000000,  -5.04000,
,,,0.665600000000,  -5.04000,
,,,0.665700000000,  -5.04000,
,,,0.665800000000,  -5.04000,
,,,0.665900000000,  -5.04000,
,,,0.666000000000,  -5.04000,
,,,0.666100000000,  -5.04000,
,,,0.666200000000,  -5.04000,
,,,0.666300000000,  -5.04000,
,,,0.666400000000,  -5.04000,
,,,0.666500000000,  -5.04000,
,,,0.666600000000,  -5.04000,
,,,0.666700000000,  -5.04000,
,,,0.666800000000,  -5.04000,
,,,0.666900000000,  -5.04000,
,,,0.667000000000,  -5.04000,
,,,0.667100000000,  -5.04000,
,,,0.667200000000,  -5.04000,
,,,0.667300000000,  -5.04000,
,,,0.667400000000,  -5.04000,
,,,0.667500000000,  -5.04000,
,,,0.667600000000,  -5.04000,
,,,0.667700000000,  -5.04000,
,,,0.667800000000,  -5.04000,
,,,0.667900000000,  -5.04000,
,,,0.668000000000,  -5.04000,
,,,0.668100000000,  -5.04000,
,,,0.668200000000,  -5.04000,
,,,0.668300000000,  -5.04000,
,,,0.668400000000,  -5.04000,
,,,0.668500000000,  -5.04000,
,,,0.668600000000,  -5.04000,
,,,0.668700000000,  -5.04000,
,,,0.668800000000,  -5.04000,
,,,0.668900000000,  -5.04000,
,,,0.669000000000,  -5.04000,
,,,0.669100000000,  -5.04000,
,,,0.669200000000,  -5.04000,
,,,0.669300000000,  -5.04000,
,,,0.669400000000,  -5.04000,
,,,0.669500000000,  -5.04000,
,,,0.669600000000,  -5.04000,
,,,0.669700000000,  -5.04000,
,,,0.669800000000,  -5.04000,
,,,0.669900000000,  -5.04000,
,,,0.670000000000,  -5.04000,
,,,0.670100000000,  -5.04000,
,,,0.670200000000,  -5.04000,
,,,0.670300000000,  -5.04000,
,,,0.670400000000,  -5.04000,
,,,0.670500000000,  -5.04000,
,,,0.670600000000,  -5.04000,
,,,0.670700000000,  -5.04000,
,,,0.670800000000,  -5.04000,
,,,0.670900000000,  -5.04000,
,,,0.671000000000,  -5.04000,
,,,0.671100000000,  -5.04000,
,,,0.671200000000,  -5.04000,
,,,0.671300000000,  -5.04000,
,,,0.671400000000,  -5.04000,
,,,0.671500000000,  -5.04000,
,,,0.671600000000,  -5.04000,
,,,0.671700000000,  -5.04000,
,,,0.671800000000,  -5.04000,
,,,0.671900000000,  -5.04000,
,,,0.672000000000,  -5.04000,
,,,0.672100000000,  -5.04000,
,,,0.672200000000,  -5.04000,
,,,0.672300000000,  -5.04000,
,,,0.672400000000,  -5.04000,
,,,0.672500000000,  -5.04000,
,,,0.672600000000,  -5.04000,
,,,0.672700000000,  -5.04000,
,,,0.672800000000,  -5.04000,
,,,0.672900000000,  -5.04000,
,,,0.673000000000,  -5.04000,
,,,0.673100000000,  -5.04000,
,,,0.673200000000,  -5.04000,
,,,0.673300000000,  -5.04000,
,,,0.673400000000,  -5.04000,
,,,0.673500000000,  -5.04000,
,,,0.673600000000,  -5.04000,
,,,0.673700000000,  -5.04000,
,,,0.673800000000,  -5.04000,
,,,0.673900000000,  -5.04000,
,,,0.674000000000,  -5.04000,
,,,0.674100000000,  -5.04000,
,,,0.674200000000,  -5.04000,
,,,0.674300000000,  -5.04000,
,,,0.674400000000,  -5.04000,
,,,0.674500000000,  -5.04000,
,,,0.674600000000,  -5.04000,
,,,0.674700000000,  -5.04000,
,,,0.674800000000,  -5.04000,
,,,0.674900000000,  -5.04000,
,,,0.675000000000,  -5.04000,
,,,0.675100000000,  -5.04000,
,,,0.675200000000,  -5.04000,
,,,0.675300000000,  -5.04000,
,,,0.675400000000,  -5.04000,
,,,0.675500000000,  -5.04000,
,,,0.675600000000,  -5.04000,
,,,0.675700000000,  -5.04000,
,,,0.675800000000,  -5.04000,
,,,0.675900000000,  -5.04000,
,,,0.676000000000,  -5.04000,
,,,0.676100000000,  -5.04000,
,,,0.676200000000,  -5.04000,
,,,0.676300000000,  -5.04000,
,,,0.676400000000,  -5.04000,
,,,0.676500000000,  -5.04000,
,,,0.676600000000,  -5.04000,
,,,0.676700000000,  -5.04000,
,,,0.676800000000,  -5.04000,
,,,0.676900000000,  -5.04000,
,,,0.677000000000,  -5.04000,
,,,0.677100000000,  -5.04000,
,,,0.677200000000,  -5.04000,
,,,0.677300000000,  -5.04000,
,,,0.677400000000,  -5.04000,
,,,0.677500000000,  -5.04000,
,,,0.677600000000,  -5.04000,
,,,0.677700000000,  -5.04000,
,,,0.677800000000,  -5.04000,
,,,0.677900000000,  -5.04000,
,,,0.678000000000,  -5.04000,
,,,0.678100000000,  -5.04000,
,,,0.678200000000,  -5.04000,
,,,0.678300000000,  -5.04000,
,,,0.678400000000,  -5.04000,
,,,0.678500000000,  -5.04000,
,,,0.678600000000,  -5.04000,
,,,0.678700000000,  -5.04000,
,,,0.678800000000,  -5.04000,
,,,0.678900000000,  -5.04000,
,,,0.679000000000,  -5.04000,
,,,0.679100000000,  -5.04000,
,,,0.679200000000,  -5.04000,
,,,0.679300000000,  -5.04000,
,,,0.679400000000,  -5.04000,
,,,0.679500000000,  -5.04000,
,,,0.679600000000,  -5.04000,
,,,0.679700000000,  -5.04000,
,,,0.679800000000,  -5.04000,
,,,0.679900000000,  -5.04000,
,,,0.680000000000,  -5.04000,
,,,0.680100000000,  -5.04000,
,,,0.680200000000,  -5.04000,
,,,0.680300000000,  -5.04000,
,,,0.680400000000,  -5.04000,
,,,0.680500000000,  -5.04000,
,,,0.680600000000,  -5.04000,
,,,0.680700000000,  -5.04000,
,,,0.680800000000,  -5.04000,
,,,0.680900000000,  -5.04000,
,,,0.681000000000,  -5.04000,
,,,0.681100000000,  -5.04000,
,,,0.681200000000,  -5.04000,
,,,0.681300000000,  -5.04000,
,,,0.681400000000,  -5.04000,
,,,0.681500000000,  -5.04000,
,,,0.681600000000,  -5.04000,
,,,0.681700000000,  -5.04000,
,,,0.681800000000,  -5.04000,
,,,0.681900000000,  -5.04000,
,,,0.682000000000,  -5.04000,
,,,0.682100000000,  -5.04000,
,,,0.682200000000,  -5.04000,
,,,0.682300000000,  -5.04000,
,,,0.682400000000,  -5.04000,
,,,0.682500000000,  -5.04000,
,,,0.682600000000,  -5.04000,
,,,0.682700000000,  -5.04000,
,,,0.682800000000,  -5.04000,
,,,0.682900000000,  -5.04000,
,,,0.683000000000,  -5.04000,
,,,0.683100000000,  -5.04000,
,,,0.683200000000,  -5.04000,
,,,0.683300000000,  -5.04000,
,,,0.683400000000,  -5.04000,
,,,0.683500000000,  -5.04000,
,,,0.683600000000,  -5.04000,
,,,0.683700000000,  -5.04000,
,,,0.683800000000,  -5.04000,
,,,0.683900000000,  -5.04000,
,,,0.684000000000,  -5.04000,
,,,0.684100000000,  -5.04000,
,,,0.684200000000,  -5.04000,
,,,0.684300000000,  -5.04000,
,,,0.684400000000,  -5.04000,
,,,0.684500000000,  -5.04000,
,,,0.684600000000,  -5.04000,
,,,0.684700000000,  -5.04000,
,,,0.684800000000,  -5.04000,
,,,0.684900000000,  -5.04000,
,,,0.685000000000,  -5.04000,
,,,0.685100000000,  -5.04000,
,,,0.685200000000,  -5.04000,
,,,0.685300000000,  -5.04000,
,,,0.685400000000,  -5.04000,
,,,0.685500000000,  -5.04000,
,,,0.685600000000,  -5.04000,
,,,0.685700000000,  -5.04000,
,,,0.685800000000,  -5.04000,
,,,0.685900000000,  -5.04000,
,,,0.686000000000,  -5.04000,
,,,0.686100000000,  -5.04000,
,,,0.686200000000,  -5.04000,
,,,0.686300000000,  -5.04000,
,,,0.686400000000,  -5.04000,
,,,0.686500000000,  -5.04000,
,,,0.686600000000,  -5.04000,
,,,0.686700000000,  -5.04000,
,,,0.686800000000,  -5.04000,
,,,0.686900000000,  -5.04000,
,,,0.687000000000,  -5.04000,
,,,0.687100000000,  -5.04000,
,,,0.687200000000,  -5.04000,
,,,0.687300000000,  -5.04000,
,,,0.687400000000,  -5.04000,
,,,0.687500000000,  -5.04000,
,,,0.687600000000,  -5.04000,
,,,0.687700000000,  -5.04000,
,,,0.687800000000,  -5.04000,
,,,0.687900000000,  -5.04000,
,,,0.688000000000,  -5.04000,
,,,0.688100000000,  -5.04000,
,,,0.688200000000,  -5.04000,
,,,0.688300000000,  -5.04000,
,,,0.688400000000,  -5.04000,
,,,0.688500000000,  -5.04000,
,,,0.688600000000,  -5.04000,
,,,0.688700000000,  -5.04000,
,,,0.688800000000,  -5.04000,
,,,0.688900000000,  -5.04000,
,,,0.689000000000,  -5.04000,
,,,0.689100000000,  -5.04000,
,,,0.689200000000,  -5.04000,
,,,0.689300000000,  -5.04000,
,,,0.689400000000,  -5.04000,
,,,0.689500000000,  -5.04000,
,,,0.689600000000,  -5.04000,
,,,0.689700000000,  -5.04000,
,,,0.689800000000,  -5.04000,
,,,0.689900000000,  -5.04000,
,,,0.690000000000,  -5.04000,
,,,0.690100000000,  -5.04000,
,,,0.690200000000,  -5.04000,
,,,0.690300000000,  -5.04000,
,,,0.690400000000,  -5.04000,
,,,0.690500000000,  -5.04000,
,,,0.690600000000,  -5.04000,
,,,0.690700000000,  -5.04000,
,,,0.690800000000,  -5.04000,
,,,0.690900000000,  -5.04000,
,,,0.691000000000,  -5.04000,
,,,0.691100000000,  -5.04000,
,,,0.691200000000,  -5.04000,
,,,0.691300000000,  -5.04000,
,,,0.691400000000,  -5.04000,
,,,0.691500000000,  -5.04000,
,,,0.691600000000,  -5.04000,
,,,0.691700000000,  -5.04000,
,,,0.691800000000,  -5.04000,
,,,0.691900000000,  -5.04000,
,,,0.692000000000,  -5.04000,
,,,0.692100000000,  -5.04000,
,,,0.692200000000,  -5.04000,
,,,0.692300000000,  -5.04000,
,,,0.692400000000,  -5.04000,
,,,0.692500000000,  -5.04000,
,,,0.692600000000,  -5.04000,
,,,0.692700000000,  -5.04000,
,,,0.692800000000,  -5.04000,
,,,0.692900000000,  -5.04000,
,,,0.693000000000,  -5.04000,
,,,0.693100000000,  -5.04000,
,,,0.693200000000,  -5.04000,
,,,0.693300000000,  -5.04000,
,,,0.693400000000,  -5.04000,
,,,0.693500000000,  -5.04000,
,,,0.693600000000,  -5.04000,
,,,0.693700000000,  -5.04000,
,,,0.693800000000,  -5.04000,
,,,0.693900000000,  -5.04000,
,,,0.694000000000,  -5.04000,
,,,0.694100000000,  -5.04000,
,,,0.694200000000,  -5.04000,
,,,0.694300000000,  -5.04000,
,,,0.694400000000,  -5.04000,
,,,0.694500000000,  -5.04000,
,,,0.694600000000,  -5.04000,
,,,0.694700000000,  -5.04000,
,,,0.694800000000,  -5.04000,
,,,0.694900000000,  -5.04000,
,,,0.695000000000,  -5.04000,
,,,0.695100000000,  -5.04000,
,,,0.695200000000,  -5.04000,
,,,0.695300000000,  -5.04000,
,,,0.695400000000,  -5.04000,
,,,0.695500000000,  -5.04000,
,,,0.695600000000,  -5.04000,
,,,0.695700000000,  -5.04000,
,,,0.695800000000,  -5.04000,
,,,0.695900000000,  -5.04000,
,,,0.696000000000,  -5.04000,
,,,0.696100000000,  -5.04000,
,,,0.696200000000,  -5.04000,
,,,0.696300000000,  -5.04000,
,,,0.696400000000,  -5.04000,
,,,0.696500000000,  -5.04000,
,,,0.696600000000,  -5.04000,
,,,0.696700000000,  -5.04000,
,,,0.696800000000,  -5.04000,
,,,0.696900000000,  -5.04000,
,,,0.697000000000,  -5.04000,
,,,0.697100000000,  -5.04000,
,,,0.697200000000,  -5.04000,
,,,0.697300000000,  -5.04000,
,,,0.697400000000,  -5.04000,
,,,0.697500000000,  -5.04000,
,,,0.697600000000,  -5.04000,
,,,0.697700000000,  -5.04000,
,,,0.697800000000,  -5.04000,
,,,0.697900000000,  -5.04000,
,,,0.698000000000,  -5.04000,
,,,0.698100000000,  -5.04000,
,,,0.698200000000,  -5.04000,
,,,0.698300000000,  -5.04000,
,,,0.698400000000,  -5.04000,
,,,0.698500000000,  -5.04000,
,,,0.698600000000,  -5.04000,
,,,0.698700000000,  -5.04000,
,,,0.698800000000,  -5.04000,
,,,0.698900000000,  -5.04000,
,,,0.699000000000,  -5.04000,
,,,0.699100000000,  -5.04000,
,,,0.699200000000,  -5.04000,
,,,0.699300000000,  -5.04000,
,,,0.699400000000,  -5.04000,
,,,0.699500000000,  -5.04000,
,,,0.699600000000,  -5.04000,
,,,0.699700000000,  -3.20000,
,,,0.699800000000,   5.04000,
,,,0.699900000000,   5.04000,
,,,0.700000000000,   5.04000,
,,,0.700100000000,   5.04000,
,,,0.700200000000,   5.04000,
,,,0.700300000000,   5.04000,
,,,0.700400000000,   5.04000,
,,,0.700500000000,   5.04000,
,,,0.700600000000,   5.04000,
,,,0.700700000000,   5.04000,
,,,0.700800000000,   5.04000,
,,,0.700900000000,   5.04000,
,,,0.701000000000,   5.04000,
,,,0.701100000000,   5.04000,
,,,0.701200000000,   5.04000,
,,,0.701300000000,   5.04000,
,,,0.701400000000,   5.04000,
,,,0.701500000000,   5.04000,
,,,0.701600000000,   5.04000,
,,,0.701700000000,   5.04000,
,,,0.701800000000,   5.04000,
,,,0.701900000000,   5.04000,
,,,0.702000000000,   5.04000,
,,,0.702100000000,   5.04000,
,,,0.702200000000,   5.04000,
,,,0.702300000000,   5.04000,
,,,0.702400000000,   5.04000,
,,,0.702500000000,   5.04000,
,,,0.702600000000,   5.04000,
,,,0.702700000000,   5.04000,
,,,0.702800000000,   5.04000,
,,,0.702900000000,   5.04000,
,,,0.703000000000,   5.04000,
,,,0.703100000000,   5.04000,
,,,0.703200000000,   5.04000,
,,,0.703300000000,   5.04000,
,,,0.703400000000,   5.04000,
,,,0.703500000000,   5.04000,
,,,0.703600000000,   5.04000,
,,,0.703700000000,   5.04000,
,,,0.703800000000,   5.04000,
,,,0.703900000000,   5.04000,
,,,0.704000000000,   5.04000,
,,,0.704100000000,   5.04000,
,,,0.704200000000,   5.04000,
,,,0.704300000000,   5.04000,
,,,0.704400000000,   5.04000,
,,,0.704500000000,   5.04000,
,,,0.704600000000,   5.04000,
,,,0.704700000000,   5.04000,
,,,0.704800000000,   5.04000,
,,,0.704900000000,   5.04000,
,,,0.705000000000,   5.04000,
,,,0.705100000000,   5.04000,
,,,0.705200000000,   5.04000,
,,,0.705300000000,   5.04000,
,,,0.705400000000,   5.04000,
,,,0.705500000000,   5.04000,
,,,0.705600000000,   5.04000,
,,,0.705700000000,   5.04000,
,,,0.705800000000,   5.04000,
,,,0.705900000000,   5.04000,
,,,0.706000000000,   5.04000,
,,,0.706100000000,   5.04000,
,,,0.706200000000,   5.04000,
,,,0.706300000000,   5.04000,
,,,0.706400000000,   5.04000,
,,,0.706500000000,   5.04000,
,,,0.706600000000,   5.04000,
,,,0.706700000000,   5.04000,
,,,0.706800000000,   5.04000,
,,,0.706900000000,   5.04000,
,,,0.707000000000,   5.04000,
,,,0.707100000000,   5.04000,
,,,0.707200000000,   5.04000,
,,,0.707300000000,   5.04000,
,,,0.707400000000,   5.04000,
,,,0.707500000000,   5.04000,
,,,0.707600000000,   5.04000,
,,,0.707700000000,   5.04000,
,,,0.707800000000,   5.04000,
,,,0.707900000000,   5.04000,
,,,0.708000000000,   5.04000,
,,,0.708100000000,   5.04000,
,,,0.708200000000,   5.04000,
,,,0.708300000000,   5.04000,
,,,0.708400000000,   5.04000,
,,,0.708500000000,   5.04000,
,,,0.708600000000,   5.04000,
,,,0.708700000000,   5.04000,
,,,0.708800000000,   5.04000,
,,,0.708900000000,   5.04000,
,,,0.709000000000,   5.04000,
,,,0.709100000000,   5.04000,
,,,0.709200000000,   5.04000,
,,,0.709300000000,   5.04000,
,,,0.709400000000,   5.04000,
,,,0.709500000000,   5.04000,
,,,0.709600000000,   5.04000,
,,,0.709700000000,   5.04000,
,,,0.709800000000,   5.04000,
,,,0.709900000000,   5.04000,
,,,0.710000000000,   5.04000,
,,,0.710100000000,   5.04000,
,,,0.710200000000,   5.04000,
,,,0.710300000000,   5.04000,
,,,0.710400000000,   5.04000,
,,,0.710500000000,   5.04000,
,,,0.710600000000,   5.04000,
,,,0.710700000000,   5.04000,
,,,0.710800000000,   5.04000,
,,,0.710900000000,   5.04000,
,,,0.711000000000,   5.04000,
,,,0.711100000000,   5.04000,
,,,0.711200000000,   5.04000,
,,,0.711300000000,   5.04000,
,,,0.711400000000,   5.04000,
,,,0.711500000000,   5.04000,
,,,0.711600000000,   5.04000,
,,,0.711700000000,   5.04000,
,,,0.711800000000,   5.04000,
,,,0.711900000000,   5.04000,
,,,0.712000000000,   5.04000,
,,,0.712100000000,   5.04000,
,,,0.712200000000,   5.04000,
,,,0.712300000000,   5.04000,
,,,0.712400000000,   5.04000,
,,,0.712500000000,   5.04000,
,,,0.712600000000,   5.04000,
,,,0.712700000000,   5.04000,
,,,0.712800000000,   5.04000,
,,,0.712900000000,   5.04000,
,,,0.713000000000,   5.04000,
,,,0.713100000000,   5.04000,
,,,0.713200000000,   5.04000,
,,,0.713300000000,   5.04000,
,,,0.713400000000,   5.04000,
,,,0.713500000000,   5.04000,
,,,0.713600000000,   5.04000,
,,,0.713700000000,   5.04000,
,,,0.713800000000,   5.04000,
,,,0.713900000000,   5.04000,
,,,0.714000000000,   5.04000,
,,,0.714100000000,   5.04000,
,,,0.714200000000,   5.04000,
,,,0.714300000000,   5.04000,
,,,0.714400000000,   5.04000,
,,,0.714500000000,   5.04000,
,,,0.714600000000,   5.04000,
,,,0.714700000000,   5.04000,
,,,0.714800000000,   5.04000,
,,,0.714900000000,   5.04000,
,,,0.715000000000,   5.04000,
,,,0.715100000000,   5.04000,
,,,0.715200000000,   5.04000,
,,,0.715300000000,   5.04000,
,,,0.715400000000,   5.04000,
,,,0.715500000000,   5.04000,
,,,0.715600000000,   5.04000,
,,,0.715700000000,   5.04000,
,,,0.715800000000,   5.04000,
,,,0.715900000000,   5.04000,
,,,0.716000000000,   5.04000,
,,,0.716100000000,   5.04000,
,,,0.716200000000,   5.04000,
,,,0.716300000000,   5.04000,
,,,0.716400000000,   5.04000,
,,,0.716500000000,   5.04000,
,,,0.716600000000,   5.04000,
,,,0.716700000000,   5.04000,
,,,0.716800000000,   5.04000,
,,,0.716900000000,   5.04000,
,,,0.717000000000,   5.04000,
,,,0.717100000000,   5.04000,
,,,0.717200000000,   5.04000,
,,,0.717300000000,   5.04000,
,,,0.717400000000,   5.04000,
,,,0.717500000000,   5.04000,
,,,0.717600000000,   5.04000,
,,,0.717700000000,   5.04000,
,,,0.717800000000,   5.04000,
,,,0.717900000000,   5.04000,
,,,0.718000000000,   5.04000,
,,,0.718100000000,   5.04000,
,,,0.718200000000,   5.04000,
,,,0.718300000000,   5.04000,
,,,0.718400000000,   5.04000,
,,,0.718500000000,   5.04000,
,,,0.718600000000,   5.04000,
,,,0.718700000000,   5.04000,
,,,0.718800000000,   5.04000,
,,,0.718900000000,   5.04000,
,,,0.719000000000,   5.04000,
,,,0.719100000000,   5.04000,
,,,0.719200000000,   5.04000,
,,,0.719300000000,   5.04000,
,,,0.719400000000,   5.04000,
,,,0.719500000000,   5.04000,
,,,0.719600000000,   5.04000,
,,,0.719700000000,   5.04000,
,,,0.719800000000,   5.04000,
,,,0.719900000000,   5.04000,
,,,0.720000000000,   5.04000,
,,,0.720100000000,   5.04000,
,,,0.720200000000,   5.04000,
,,,0.720300000000,   5.04000,
,,,0.720400000000,   5.04000,
,,,0.720500000000,   5.04000,
,,,0.720600000000,   5.04000,
,,,0.720700000000,   5.04000,
,,,0.720800000000,   5.04000,
,,,0.720900000000,   5.04000,
,,,0.721000000000,   5.04000,
,,,0.721100000000,   5.04000,
,,,0.721200000000,   5.04000,
,,,0.721300000000,   5.04000,
,,,0.721400000000,   5.04000,
,,,0.721500000000,   5.04000,
,,,0.721600000000,   5.04000,
,,,0.721700000000,   5.04000,
,,,0.721800000000,   5.04000,
,,,0.721900000000,   5.04000,
,,,0.722000000000,   5.04000,
,,,0.722100000000,   5.04000,
,,,0.722200000000,   5.04000,
,,,0.722300000000,   5.04000,
,,,0.722400000000,   5.04000,
,,,0.722500000000,   5.04000,
,,,0.722600000000,   5.04000,
,,,0.722700000000,   5.04000,
,,,0.722800000000,   5.04000,
,,,0.722900000000,   5.04000,
,,,0.723000000000,   5.04000,
,,,0.723100000000,   5.04000,
,,,0.723200000000,   5.04000,
,,,0.723300000000,   5.04000,
,,,0.723400000000,   5.04000,
,,,0.723500000000,   5.04000,
,,,0.723600000000,   5.04000,
,,,0.723700000000,   5.04000,
,,,0.723800000000,   5.04000,
,,,0.723900000000,   5.04000,
,,,0.724000000000,   5.04000,
,,,0.724100000000,   5.04000,
,,,0.724200000000,   5.04000,
,,,0.724300000000,   5.04000,
,,,0.724400000000,   5.04000,
,,,0.724500000000,   5.04000,
,,,0.724600000000,   5.04000,
,,,0.724700000000,   5.04000,
,,,0.724800000000,   5.04000,
,,,0.724900000000,   5.04000,
,,,0.725000000000,   5.04000,
,,,0.725100000000,   5.04000,
,,,0.725200000000,   5.04000,
,,,0.725300000000,   5.04000,
,,,0.725400000000,   5.04000,
,,,0.725500000000,   5.04000,
,,,0.725600000000,   5.04000,
,,,0.725700000000,   5.04000,
,,,0.725800000000,   5.04000,
,,,0.725900000000,   5.04000,
,,,0.726000000000,   5.04000,
,,,0.726100000000,   5.04000,
,,,0.726200000000,   5.04000,
,,,0.726300000000,   5.04000,
,,,0.726400000000,   5.04000,
,,,0.726500000000,   5.04000,
,,,0.726600000000,   5.04000,
,,,0.726700000000,   5.04000,
,,,0.726800000000,   5.04000,
,,,0.726900000000,   5.04000,
,,,0.727000000000,   5.04000,
,,,0.727100000000,   5.04000,
,,,0.727200000000,   5.04000,
,,,0.727300000000,   5.04000,
,,,0.727400000000,   5.04000,
,,,0.727500000000,   5.04000,
,,,0.727600000000,   5.04000,
,,,0.727700000000,   5.04000,
,,,0.727800000000,   5.04000,
,,,0.727900000000,   5.04000,
,,,0.728000000000,   5.04000,
,,,0.728100000000,   5.04000,
,,,0.728200000000,   5.04000,
,,,0.728300000000,   5.04000,
,,,0.728400000000,   5.04000,
,,,0.728500000000,   5.04000,
,,,0.728600000000,   5.04000,
,,,0.728700000000,   5.04000,
,,,0.728800000000,   5.04000,
,,,0.728900000000,   5.04000,
,,,0.729000000000,   5.04000,
,,,0.729100000000,   5.04000,
,,,0.729200000000,   5.04000,
,,,0.729300000000,   5.04000,
,,,0.729400000000,   5.04000,
,,,0.729500000000,   5.04000,
,,,0.729600000000,   5.04000,
,,,0.729700000000,   5.04000,
,,,0.729800000000,   5.04000,
,,,0.729900000000,   5.04000,
,,,0.730000000000,   5.04000,
,,,0.730100000000,   5.04000,
,,,0.730200000000,   5.04000,
,,,0.730300000000,   5.04000,
,,,0.730400000000,   5.04000,
,,,0.730500000000,   5.04000,
,,,0.730600000000,   5.04000,
,,,0.730700000000,   5.04000,
,,,0.730800000000,   5.04000,
,,,0.730900000000,   5.04000,
,,,0.731000000000,   5.04000,
,,,0.731100000000,   5.04000,
,,,0.731200000000,   5.04000,
,,,0.731300000000,   5.04000,
,,,0.731400000000,   5.04000,
,,,0.731500000000,   5.04000,
,,,0.731600000000,   5.04000,
,,,0.731700000000,   5.04000,
,,,0.731800000000,   5.04000,
,,,0.731900000000,   5.04000,
,,,0.732000000000,   5.04000,
,,,0.732100000000,   5.04000,
,,,0.732200000000,   5.04000,
,,,0.732300000000,   5.04000,
,,,0.732400000000,   5.04000,
,,,0.732500000000,   5.04000,
,,,0.732600000000,   5.04000,
,,,0.732700000000,   5.04000,
,,,0.732800000000,   5.04000,
,,,0.732900000000,   5.04000,
,,,0.733000000000,   5.04000,
,,,0.733100000000,   5.04000,
,,,0.733200000000,   5.04000,
,,,0.733300000000,   5.04000,
,,,0.733400000000,   5.04000,
,,,0.733500000000,   5.04000,
,,,0.733600000000,   5.04000,
,,,0.733700000000,   5.04000,
,,,0.733800000000,   5.04000,
,,,0.733900000000,   5.04000,
,,,0.734000000000,   5.04000,
,,,0.734100000000,   5.04000,
,,,0.734200000000,   5.04000,
,,,0.734300000000,   5.04000,
,,,0.734400000000,   5.04000,
,,,0.734500000000,   5.04000,
,,,0.734600000000,   5.04000,
,,,0.734700000000,   5.04000,
,,,0.734800000000,   5.04000,
,,,0.734900000000,   5.04000,
,,,0.735000000000,   5.04000,
,,,0.735100000000,   5.04000,
,,,0.735200000000,   5.04000,
,,,0.735300000000,   5.04000,
,,,0.735400000000,   5.04000,
,,,0.735500000000,   5.04000,
,,,0.735600000000,   5.04000,
,,,0.735700000000,   5.04000,
,,,0.735800000000,   5.04000,
,,,0.735900000000,   5.04000,
,,,0.736000000000,   5.04000,
,,,0.736100000000,   5.04000,
,,,0.736200000000,   5.04000,
,,,0.736300000000,   5.04000,
,,,0.736400000000,   5.04000,
,,,0.736500000000,   5.04000,
,,,0.736600000000,   5.04000,
,,,0.736700000000,   5.04000,
,,,0.736800000000,   5.04000,
,,,0.736900000000,   5.04000,
,,,0.737000000000,   5.04000,
,,,0.737100000000,   5.04000,
,,,0.737200000000,   5.04000,
,,,0.737300000000,   5.04000,
,,,0.737400000000,   5.04000,
,,,0.737500000000,   5.04000,
,,,0.737600000000,   5.04000,
,,,0.737700000000,   5.04000,
,,,0.737800000000,   5.04000,
,,,0.737900000000,   5.04000,
,,,0.738000000000,   5.04000,
,,,0.738100000000,   5.04000,
,,,0.738200000000,   5.04000,
,,,0.738300000000,   5.04000,
,,,0.738400000000,   5.04000,
,,,0.738500000000,   5.04000,
,,,0.738600000000,   5.04000,
,,,0.738700000000,   5.04000,
,,,0.738800000000,   5.04000,
,,,0.738900000000,   5.04000,
,,,0.739000000000,   5.04000,
,,,0.739100000000,   5.04000,
,,,0.739200000000,   5.04000,
,,,0.739300000000,   5.04000,
,,,0.739400000000,   5.04000,
,,,0.739500000000,   5.04000,
,,,0.739600000000,   5.04000,
,,,0.739700000000,   5.04000,
,,,0.739800000000,   5.04000,
,,,0.739900000000,   5.04000,
,,,0.740000000000,   5.04000,
,,,0.740100000000,   5.04000,
,,,0.740200000000,   5.04000,
,,,0.740300000000,   5.04000,
,,,0.740400000000,   5.04000,
,,,0.740500000000,   5.04000,
,,,0.740600000000,   5.04000,
,,,0.740700000000,   5.04000,
,,,0.740800000000,   5.04000,
,,,0.740900000000,   5.04000,
,,,0.741000000000,   5.04000,
,,,0.741100000000,   5.04000,
,,,0.741200000000,   5.04000,
,,,0.741300000000,   5.04000,
,,,0.741400000000,   5.04000,
,,,0.741500000000,   5.04000,
,,,0.741600000000,   5.04000,
,,,0.741700000000,   5.04000,
,,,0.741800000000,   5.04000,
,,,0.741900000000,   5.04000,
,,,0.742000000000,   5.04000,
,,,0.742100000000,   5.04000,
,,,0.742200000000,   5.04000,
,,,0.742300000000,   5.04000,
,,,0.742400000000,   5.04000,
,,,0.742500000000,   5.04000,
,,,0.742600000000,   5.04000,
,,,0.742700000000,   5.04000,
,,,0.742800000000,   5.04000,
,,,0.742900000000,   5.04000,
,,,0.743000000000,   5.04000,
,,,0.743100000000,   5.04000,
,,,0.743200000000,   5.04000,
,,,0.743300000000,   5.04000,
,,,0.743400000000,   5.04000,
,,,0.743500000000,   5.04000,
,,,0.743600000000,   5.04000,
,,,0.743700000000,   5.04000,
,,,0.743800000000,   5.04000,
,,,0.743900000000,   5.04000,
,,,0.744000000000,   5.04000,
,,,0.744100000000,   5.04000,
,,,0.744200000000,   5.04000,
,,,0.744300000000,   5.04000,
,,,0.744400000000,   5.04000,
,,,0.744500000000,   5.04000,
,,,0.744600000000,   5.04000,
,,,0.744700000000,   5.04000,
,,,0.744800000000,   5.04000,
,,,0.744900000000,   5.04000,
,,,0.745000000000,   5.04000,
,,,0.745100000000,   5.04000,
,,,0.745200000000,   5.04000,
,,,0.745300000000,   5.04000,
,,,0.745400000000,   5.04000,
,,,0.745500000000,   5.04000,
,,,0.745600000000,   5.04000,
,,,0.745700000000,   5.04000,
,,,0.745800000000,   5.04000,
,,,0.745900000000,   5.04000,
,,,0.746000000000,   5.04000,
,,,0.746100000000,   5.04000,
,,,0.746200000000,   5.04000,
,,,0.746300000000,   5.04000,
,,,0.746400000000,   5.04000,
,,,0.746500000000,   5.04000,
,,,0.746600000000,   5.04000,
,,,0.746700000000,   5.04000,
,,,0.746800000000,   5.04000,
,,,0.746900000000,   5.04000,
,,,0.747000000000,   5.04000,
,,,0.747100000000,   5.04000,
,,,0.747200000000,   5.04000,
,,,0.747300000000,   5.04000,
,,,0.747400000000,   5.04000,
,,,0.747500000000,   5.04000,
,,,0.747600000000,   5.04000,
,,,0.747700000000,   5.04000,
,,,0.747800000000,   5.04000,
,,,0.747900000000,   5.04000,
,,,0.748000000000,   5.04000,
,,,0.748100000000,   5.04000,
,,,0.748200000000,   5.04000,
,,,0.748300000000,   5.04000,
,,,0.748400000000,   5.04000,
,,,0.748500000000,   5.04000,
,,,0.748600000000,   5.04000,
,,,0.748700000000,   5.04000,
,,,0.748800000000,   5.04000,
,,,0.748900000000,   5.04000,
,,,0.749000000000,   5.04000,
,,,0.749100000000,   5.04000,
,,,0.749200000000,   5.04000,
,,,0.749300000000,   5.04000,
,,,0.749400000000,   5.04000,
,,,0.749500000000,   5.04000,
,,,0.749600000000,   5.04000,
,,,0.749700000000,   5.04000,
,,,0.749800000000,   5.04000,
,,,0.749900000000,   5.04000,
,,,0.750000000000,   5.04000,
,,,0.750100000000,   5.04000,
,,,0.750200000000,   5.04000,
,,,0.750300000000,   5.04000,
,,,0.750400000000,   5.04000,
,,,0.750500000000,   5.04000,
,,,0.750600000000,   5.04000,
,,,0.750700000000,   5.04000,
,,,0.750800000000,   5.04000,
,,,0.750900000000,   5.04000,
,,,0.751000000000,   5.04000,
,,,0.751100000000,   5.04000,
,,,0.751200000000,   5.04000,
,,,0.751300000000,   5.04000,
,,,0.751400000000,   5.04000,
,,,0.751500000000,   5.04000,
,,,0.751600000000,   5.04000,
,,,0.751700000000,   5.04000,
,,,0.751800000000,   5.04000,
,,,0.751900000000,   5.04000,
,,,0.752000000000,   5.04000,
,,,0.752100000000,   5.04000,
,,,0.752200000000,   5.04000,
,,,0.752300000000,   5.04000,
,,,0.752400000000,   5.04000,
,,,0.752500000000,   5.04000,
,,,0.752600000000,   5.04000,
,,,0.752700000000,   5.04000,
,,,0.752800000000,   5.04000,
,,,0.752900000000,   5.04000,
,,,0.753000000000,   5.04000,
,,,0.753100000000,   5.04000,
,,,0.753200000000,   5.04000,
,,,0.753300000000,   5.04000,
,,,0.753400000000,   5.04000,
,,,0.753500000000,   5.04000,
,,,0.753600000000,   5.04000,
,,,0.753700000000,   5.04000,
,,,0.753800000000,   5.04000,
,,,0.753900000000,   5.04000,
,,,0.754000000000,   5.04000,
,,,0.754100000000,   5.04000,
,,,0.754200000000,   5.04000,
,,,0.754300000000,   5.04000,
,,,0.754400000000,   5.04000,
,,,0.754500000000,   5.04000,
,,,0.754600000000,   5.04000,
,,,0.754700000000,   5.04000,
,,,0.754800000000,   5.04000,
,,,0.754900000000,   5.04000,
,,,0.755000000000,   5.04000,
,,,0.755100000000,   5.04000,
,,,0.755200000000,   5.04000,
,,,0.755300000000,   5.04000,
,,,0.755400000000,   5.04000,
,,,0.755500000000,   5.04000,
,,,0.755600000000,   5.04000,
,,,0.755700000000,   5.04000,
,,,0.755800000000,   5.04000,
,,,0.755900000000,   5.04000,
,,,0.756000000000,   5.04000,
,,,0.756100000000,   5.04000,
,,,0.756200000000,   5.04000,
,,,0.756300000000,   5.04000,
,,,0.756400000000,   5.04000,
,,,0.756500000000,   5.04000,
,,,0.756600000000,   5.04000,
,,,0.756700000000,   5.04000,
,,,0.756800000000,   5.04000,
,,,0.756900000000,   5.04000,
,,,0.757000000000,   5.04000,
,,,0.757100000000,   5.04000,
,,,0.757200000000,   5.04000,
,,,0.757300000000,   5.04000,
,,,0.757400000000,   5.04000,
,,,0.757500000000,   5.04000,
,,,0.757600000000,   5.04000,
,,,0.757700000000,   5.04000,
,,,0.757800000000,   5.04000,
,,,0.757900000000,   5.04000,
,,,0.758000000000,   5.04000,
,,,0.758100000000,   5.04000,
,,,0.758200000000,   5.04000,
,,,0.758300000000,   5.04000,
,,,0.758400000000,   5.04000,
,,,0.758500000000,   5.04000,
,,,0.758600000000,   5.04000,
,,,0.758700000000,   5.04000,
,,,0.758800000000,   5.04000,
,,,0.758900000000,   5.04000,
,,,0.759000000000,   5.04000,
,,,0.759100000000,   5.04000,
,,,0.759200000000,   5.04000,
,,,0.759300000000,   5.04000,
,,,0.759400000000,   5.04000,
,,,0.759500000000,   5.04000,
,,,0.759600000000,   5.04000,
,,,0.759700000000,   5.04000,
,,,0.759800000000,   5.04000,
,,,0.759900000000,   5.04000,
,,,0.760000000000,   5.04000,
,,,0.760100000000,   5.04000,
,,,0.760200000000,   5.04000,
,,,0.760300000000,   5.04000,
,,,0.760400000000,   5.04000,
,,,0.760500000000,   5.04000,
,,,0.760600000000,   5.04000,
,,,0.760700000000,   5.04000,
,,,0.760800000000,   5.04000,
,,,0.760900000000,   5.04000,
,,,0.761000000000,   5.04000,
,,,0.761100000000,   5.04000,
,,,0.761200000000,   5.04000,
,,,0.761300000000,   5.04000,
,,,0.761400000000,   5.04000,
,,,0.761500000000,   5.04000,
,,,0.761600000000,   5.04000,
,,,0.761700000000,   5.04000,
,,,0.761800000000,   5.04000,
,,,0.761900000000,   5.04000,
,,,0.762000000000,   5.04000,
,,,0.762100000000,   5.04000,
,,,0.762200000000,   5.04000,
,,,0.762300000000,   5.04000,
,,,0.762400000000,   5.04000,
,,,0.762500000000,   5.04000,
,,,0.762600000000,   5.04000,
,,,0.762700000000,   5.04000,
,,,0.762800000000,   5.04000,
,,,0.762900000000,   5.04000,
,,,0.763000000000,   5.04000,
,,,0.763100000000,   5.04000,
,,,0.763200000000,   5.04000,
,,,0.763300000000,   5.04000,
,,,0.763400000000,   5.04000,
,,,0.763500000000,   5.04000,
,,,0.763600000000,   5.04000,
,,,0.763700000000,   5.04000,
,,,0.763800000000,   5.04000,
,,,0.763900000000,   5.04000,
,,,0.764000000000,   5.04000,
,,,0.764100000000,   5.04000,
,,,0.764200000000,   5.04000,
,,,0.764300000000,   5.04000,
,,,0.764400000000,   5.04000,
,,,0.764500000000,   5.04000,
,,,0.764600000000,   5.04000,
,,,0.764700000000,   5.04000,
,,,0.764800000000,   5.04000,
,,,0.764900000000,   5.04000,
,,,0.765000000000,   5.04000,
,,,0.765100000000,   5.04000,
,,,0.765200000000,   5.04000,
,,,0.765300000000,   5.04000,
,,,0.765400000000,   5.04000,
,,,0.765500000000,   5.04000,
,,,0.765600000000,   5.04000,
,,,0.765700000000,   5.04000,
,,,0.765800000000,   5.04000,
,,,0.765900000000,   5.04000,
,,,0.766000000000,   5.04000,
,,,0.766100000000,   5.04000,
,,,0.766200000000,   5.04000,
,,,0.766300000000,   5.04000,
,,,0.766400000000,   5.04000,
,,,0.766500000000,   5.04000,
,,,0.766600000000,   5.04000,
,,,0.766700000000,   5.04000,
,,,0.766800000000,   5.04000,
,,,0.766900000000,   5.04000,
,,,0.767000000000,   5.04000,
,,,0.767100000000,   5.04000,
,,,0.767200000000,   5.04000,
,,,0.767300000000,   5.04000,
,,,0.767400000000,   5.04000,
,,,0.767500000000,   5.04000,
,,,0.767600000000,   5.04000,
,,,0.767700000000,   5.04000,
,,,0.767800000000,   5.04000,
,,,0.767900000000,   5.04000,
,,,0.768000000000,   5.04000,
,,,0.768100000000,   5.04000,
,,,0.768200000000,   5.04000,
,,,0.768300000000,   5.04000,
,,,0.768400000000,   5.04000,
,,,0.768500000000,   5.04000,
,,,0.768600000000,   5.04000,
,,,0.768700000000,   5.04000,
,,,0.768800000000,   5.04000,
,,,0.768900000000,   5.04000,
,,,0.769000000000,   5.04000,
,,,0.769100000000,   5.04000,
,,,0.769200000000,   5.04000,
,,,0.769300000000,   5.04000,
,,,0.769400000000,   5.04000,
,,,0.769500000000,   5.04000,
,,,0.769600000000,   5.04000,
,,,0.769700000000,   5.04000,
,,,0.769800000000,   5.04000,
,,,0.769900000000,   5.04000,
,,,0.770000000000,   5.04000,
,,,0.770100000000,   5.04000,
,,,0.770200000000,   5.04000,
,,,0.770300000000,   5.04000,
,,,0.770400000000,   5.04000,
,,,0.770500000000,   5.04000,
,,,0.770600000000,   5.04000,
,,,0.770700000000,   5.04000,
,,,0.770800000000,   5.04000,
,,,0.770900000000,   5.04000,
,,,0.771000000000,   5.04000,
,,,0.771100000000,   5.04000,
,,,0.771200000000,   5.04000,
,,,0.771300000000,   5.04000,
,,,0.771400000000,   5.04000,
,,,0.771500000000,   5.04000,
,,,0.771600000000,   5.04000,
,,,0.771700000000,   5.04000,
,,,0.771800000000,   5.04000,
,,,0.771900000000,   5.04000,
,,,0.772000000000,   5.04000,
,,,0.772100000000,   5.04000,
,,,0.772200000000,   5.04000,
,,,0.772300000000,   5.04000,
,,,0.772400000000,   5.04000,
,,,0.772500000000,   5.04000,
,,,0.772600000000,   5.04000,
,,,0.772700000000,   5.04000,
,,,0.772800000000,   5.04000,
,,,0.772900000000,   5.04000,
,,,0.773000000000,   5.04000,
,,,0.773100000000,   5.04000,
,,,0.773200000000,   5.04000,
,,,0.773300000000,   5.04000,
,,,0.773400000000,   5.04000,
,,,0.773500000000,   5.04000,
,,,0.773600000000,   5.04000,
,,,0.773700000000,   5.04000,
,,,0.773800000000,   5.04000,
,,,0.773900000000,   5.04000,
,,,0.774000000000,   5.04000,
,,,0.774100000000,   5.04000,
,,,0.774200000000,   5.04000,
,,,0.774300000000,   5.04000,
,,,0.774400000000,   5.04000,
,,,0.774500000000,   5.04000,
,,,0.774600000000,   5.04000,
,,,0.774700000000,   5.04000,
,,,0.774800000000,   5.04000,
,,,0.774900000000,   5.04000,
,,,0.775000000000,   5.04000,
,,,0.775100000000,   5.04000,
,,,0.775200000000,   5.04000,
,,,0.775300000000,   5.04000,
,,,0.775400000000,   5.04000,
,,,0.775500000000,   5.04000,
,,,0.775600000000,   5.04000,
,,,0.775700000000,   5.04000,
,,,0.775800000000,   5.04000,
,,,0.775900000000,   5.04000,
,,,0.776000000000,   5.04000,
,,,0.776100000000,   5.04000,
,,,0.776200000000,   5.04000,
,,,0.776300000000,   5.04000,
,,,0.776400000000,   5.04000,
,,,0.776500000000,   5.04000,
,,,0.776600000000,   5.04000,
,,,0.776700000000,   5.04000,
,,,0.776800000000,   5.04000,
,,,0.776900000000,   5.04000,
,,,0.777000000000,   5.04000,
,,,0.777100000000,   5.04000,
,,,0.777200000000,   5.04000,
,,,0.777300000000,   5.04000,
,,,0.777400000000,   5.04000,
,,,0.777500000000,   5.04000,
,,,0.777600000000,   5.04000,
,,,0.777700000000,   5.04000,
,,,0.777800000000,   5.04000,
,,,0.777900000000,   5.04000,
,,,0.778000000000,   5.04000,
,,,0.778100000000,   5.04000,
,,,0.778200000000,   5.04000,
,,,0.778300000000,   5.04000,
,,,0.778400000000,   5.04000,
,,,0.778500000000,   5.04000,
,,,0.778600000000,   5.04000,
,,,0.778700000000,   5.04000,
,,,0.778800000000,   5.04000,
,,,0.778900000000,   5.04000,
,,,0.779000000000,   5.04000,
,,,0.779100000000,   5.04000,
,,,0.779200000000,   5.04000,
,,,0.779300000000,   5.04000,
,,,0.779400000000,   5.04000,
,,,0.779500000000,   5.04000,
,,,0.779600000000,   5.04000,
,,,0.779700000000,   5.04000,
,,,0.779800000000,   5.04000,
,,,0.779900000000,   5.04000,
,,,0.780000000000,   5.04000,
,,,0.780100000000,   5.04000,
,,,0.780200000000,   5.04000,
,,,0.780300000000,   5.04000,
,,,0.780400000000,   5.04000,
,,,0.780500000000,   5.04000,
,,,0.780600000000,   5.04000,
,,,0.780700000000,   5.04000,
,,,0.780800000000,   5.04000,
,,,0.780900000000,   5.04000,
,,,0.781000000000,   5.04000,
,,,0.781100000000,   5.04000,
,,,0.781200000000,   5.04000,
,,,0.781300000000,   5.04000,
,,,0.781400000000,   5.04000,
,,,0.781500000000,   5.04000,
,,,0.781600000000,   5.04000,
,,,0.781700000000,   5.04000,
,,,0.781800000000,   5.04000,
,,,0.781900000000,   5.04000,
,,,0.782000000000,   5.04000,
,,,0.782100000000,   5.04000,
,,,0.782200000000,   5.04000,
,,,0.782300000000,   5.04000,
,,,0.782400000000,   5.04000,
,,,0.782500000000,   5.04000,
,,,0.782600000000,   5.04000,
,,,0.782700000000,   5.04000,
,,,0.782800000000,   5.04000,
,,,0.782900000000,   5.04000,
,,,0.783000000000,   5.04000,
,,,0.783100000000,   5.04000,
,,,0.783200000000,   5.04000,
,,,0.783300000000,   5.04000,
,,,0.783400000000,   5.04000,
,,,0.783500000000,   5.04000,
,,,0.783600000000,   5.04000,
,,,0.783700000000,   5.04000,
,,,0.783800000000,   5.04000,
,,,0.783900000000,   5.04000,
,,,0.784000000000,   5.04000,
,,,0.784100000000,   5.04000,
,,,0.784200000000,   5.04000,
,,,0.784300000000,   5.04000,
,,,0.784400000000,   5.04000,
,,,0.784500000000,   5.04000,
,,,0.784600000000,   5.04000,
,,,0.784700000000,   5.04000,
,,,0.784800000000,   5.04000,
,,,0.784900000000,   5.04000,
,,,0.785000000000,   5.04000,
,,,0.785100000000,   5.04000,
,,,0.785200000000,   5.04000,
,,,0.785300000000,   5.04000,
,,,0.785400000000,   5.04000,
,,,0.785500000000,   5.04000,
,,,0.785600000000,   5.04000,
,,,0.785700000000,   5.04000,
,,,0.785800000000,   5.04000,
,,,0.785900000000,   5.04000,
,,,0.786000000000,   5.04000,
,,,0.786100000000,   5.04000,
,,,0.786200000000,   5.04000,
,,,0.786300000000,   5.04000,
,,,0.786400000000,   5.04000,
,,,0.786500000000,   5.04000,
,,,0.786600000000,   5.04000,
,,,0.786700000000,   5.04000,
,,,0.786800000000,   5.04000,
,,,0.786900000000,   5.04000,
,,,0.787000000000,   5.04000,
,,,0.787100000000,   5.04000,
,,,0.787200000000,   5.04000,
,,,0.787300000000,   5.04000,
,,,0.787400000000,   5.04000,
,,,0.787500000000,   5.04000,
,,,0.787600000000,   5.04000,
,,,0.787700000000,   5.04000,
,,,0.787800000000,   5.04000,
,,,0.787900000000,   5.04000,
,,,0.788000000000,   5.04000,
,,,0.788100000000,   5.04000,
,,,0.788200000000,   5.04000,
,,,0.788300000000,   5.04000,
,,,0.788400000000,   5.04000,
,,,0.788500000000,   5.04000,
,,,0.788600000000,   5.04000,
,,,0.788700000000,   5.04000,
,,,0.788800000000,   5.04000,
,,,0.788900000000,   5.04000,
,,,0.789000000000,   5.04000,
,,,0.789100000000,   5.04000,
,,,0.789200000000,   5.04000,
,,,0.789300000000,   5.04000,
,,,0.789400000000,   5.04000,
,,,0.789500000000,   5.04000,
,,,0.789600000000,   5.04000,
,,,0.789700000000,   5.04000,
,,,0.789800000000,   5.04000,
,,,0.789900000000,   5.04000,
,,,0.790000000000,   5.04000,
,,,0.790100000000,   5.04000,
,,,0.790200000000,   5.04000,
,,,0.790300000000,   5.04000,
,,,0.790400000000,   5.04000,
,,,0.790500000000,   5.04000,
,,,0.790600000000,   5.04000,
,,,0.790700000000,   5.04000,
,,,0.790800000000,   5.04000,
,,,0.790900000000,   5.04000,
,,,0.791000000000,   5.04000,
,,,0.791100000000,   5.04000,
,,,0.791200000000,   5.04000,
,,,0.791300000000,   5.04000,
,,,0.791400000000,   5.04000,
,,,0.791500000000,   5.04000,
,,,0.791600000000,   5.04000,
,,,0.791700000000,   5.04000,
,,,0.791800000000,   5.04000,
,,,0.791900000000,   5.04000,
,,,0.792000000000,   5.04000,
,,,0.792100000000,   5.04000,
,,,0.792200000000,   5.04000,
,,,0.792300000000,   5.04000,
,,,0.792400000000,   5.04000,
,,,0.792500000000,   5.04000,
,,,0.792600000000,   5.04000,
,,,0.792700000000,   5.04000,
,,,0.792800000000,   5.04000,
,,,0.792900000000,   5.04000,
,,,0.793000000000,   5.04000,
,,,0.793100000000,   5.04000,
,,,0.793200000000,   5.04000,
,,,0.793300000000,   5.04000,
,,,0.793400000000,   5.04000,
,,,0.793500000000,   5.04000,
,,,0.793600000000,   5.04000,
,,,0.793700000000,   5.04000,
,,,0.793800000000,   5.04000,
,,,0.793900000000,   5.04000,
,,,0.794000000000,   5.04000,
,,,0.794100000000,   5.04000,
,,,0.794200000000,   5.04000,
,,,0.794300000000,   5.04000,
,,,0.794400000000,   5.04000,
,,,0.794500000000,   5.04000,
,,,0.794600000000,   5.04000,
,,,0.794700000000,   5.04000,
,,,0.794800000000,   5.04000,
,,,0.794900000000,   5.04000,
,,,0.795000000000,   5.04000,
,,,0.795100000000,   5.04000,
,,,0.795200000000,   5.04000,
,,,0.795300000000,   5.04000,
,,,0.795400000000,   5.04000,
,,,0.795500000000,   5.04000,
,,,0.795600000000,   5.04000,
,,,0.795700000000,   5.04000,
,,,0.795800000000,   5.04000,
,,,0.795900000000,   5.04000,
,,,0.796000000000,   5.04000,
,,,0.796100000000,   5.04000,
,,,0.796200000000,   5.04000,
,,,0.796300000000,   5.04000,
,,,0.796400000000,   5.04000,
,,,0.796500000000,   5.04000,
,,,0.796600000000,   5.04000,
,,,0.796700000000,   5.04000,
,,,0.796800000000,   5.04000,
,,,0.796900000000,   5.04000,
,,,0.797000000000,   5.04000,
,,,0.797100000000,   5.04000,
,,,0.797200000000,   5.04000,
,,,0.797300000000,   5.04000,
,,,0.797400000000,   5.04000,
,,,0.797500000000,   5.04000,
,,,0.797600000000,   5.04000,
,,,0.797700000000,   5.04000,
,,,0.797800000000,   5.04000,
,,,0.797900000000,   5.04000,
,,,0.798000000000,   5.04000,
,,,0.798100000000,   5.04000,
,,,0.798200000000,   5.04000,
,,,0.798300000000,   5.04000,
,,,0.798400000000,   5.04000,
,,,0.798500000000,   5.04000,
,,,0.798600000000,   5.04000,
,,,0.798700000000,   5.04000,
,,,0.798800000000,   5.04000,
,,,0.798900000000,   5.04000,
,,,0.799000000000,   5.04000,
,,,0.799100000000,   5.04000,
,,,0.799200000000,   5.04000,
,,,0.799300000000,   5.04000,
,,,0.799400000000,   5.04000,
,,,0.799500000000,   5.04000,
,,,0.799600000000,   5.04000,
,,,0.799700000000,   5.04000,
,,,0.799800000000,   5.04000,
,,,0.799900000000,   5.04000,
,,,0.800000000000,  -3.76000,
,,,0.800100000000,  -5.04000,
,,,0.800200000000,  -5.04000,
,,,0.800300000000,  -5.04000,
,,,0.800400000000,  -5.04000,
,,,0.800500000000,  -5.04000,
,,,0.800600000000,  -5.04000,
,,,0.800700000000,  -5.04000,
,,,0.800800000000,  -5.04000,
,,,0.800900000000,  -5.04000,
,,,0.801000000000,  -5.04000,
,,,0.801100000000,  -5.04000,
,,,0.801200000000,  -5.04000,
,,,0.801300000000,  -5.04000,
,,,0.801400000000,  -5.04000,
,,,0.801500000000,  -5.04000,
,,,0.801600000000,  -5.04000,
,,,0.801700000000,  -5.04000,
,,,0.801800000000,  -5.04000,
,,,0.801900000000,  -5.04000,
,,,0.802000000000,  -5.04000,
,,,0.802100000000,  -5.04000,
,,,0.802200000000,  -5.04000,
,,,0.802300000000,  -5.04000,
,,,0.802400000000,  -5.04000,
,,,0.802500000000,  -5.04000,
,,,0.802600000000,  -5.04000,
,,,0.802700000000,  -5.04000,
,,,0.802800000000,  -5.04000,
,,,0.802900000000,  -5.04000,
,,,0.803000000000,  -5.04000,
,,,0.803100000000,  -5.04000,
,,,0.803200000000,  -5.04000,
,,,0.803300000000,  -5.04000,
,,,0.803400000000,  -5.04000,
,,,0.803500000000,  -5.04000,
,,,0.803600000000,  -5.04000,
,,,0.803700000000,  -5.04000,
,,,0.803800000000,  -5.04000,
,,,0.803900000000,  -5.04000,
,,,0.804000000000,  -5.04000,
,,,0.804100000000,  -5.04000,
,,,0.804200000000,  -5.04000,
,,,0.804300000000,  -5.04000,
,,,0.804400000000,  -5.04000,
,,,0.804500000000,  -5.04000,
,,,0.804600000000,  -5.04000,
,,,0.804700000000,  -5.04000,
,,,0.804800000000,  -5.04000,
,,,0.804900000000,  -5.04000,
,,,0.805000000000,  -5.04000,
,,,0.805100000000,  -5.04000,
,,,0.805200000000,  -5.04000,
,,,0.805300000000,  -5.04000,
,,,0.805400000000,  -5.04000,
,,,0.805500000000,  -5.04000,
,,,0.805600000000,  -5.04000,
,,,0.805700000000,  -5.04000,
,,,0.805800000000,  -5.04000,
,,,0.805900000000,  -5.04000,
,,,0.806000000000,  -5.04000,
,,,0.806100000000,  -5.04000,
,,,0.806200000000,  -5.04000,
,,,0.806300000000,  -5.04000,
,,,0.806400000000,  -5.04000,
,,,0.806500000000,  -5.04000,
,,,0.806600000000,  -5.04000,
,,,0.806700000000,  -5.04000,
,,,0.806800000000,  -5.04000,
,,,0.806900000000,  -5.04000,
,,,0.807000000000,  -5.04000,
,,,0.807100000000,  -5.04000,
,,,0.807200000000,  -5.04000,
,,,0.807300000000,  -5.04000,
,,,0.807400000000,  -5.04000,
,,,0.807500000000,  -5.04000,
,,,0.807600000000,  -5.04000,
,,,0.807700000000,  -5.04000,
,,,0.807800000000,  -5.04000,
,,,0.807900000000,  -5.04000,
,,,0.808000000000,  -5.04000,
,,,0.808100000000,  -5.04000,
,,,0.808200000000,  -5.04000,
,,,0.808300000000,  -5.04000,
,,,0.808400000000,  -5.04000,
,,,0.808500000000,  -5.04000,
,,,0.808600000000,  -5.04000,
,,,0.808700000000,  -5.04000,
,,,0.808800000000,  -5.04000,
,,,0.808900000000,  -5.04000,
,,,0.809000000000,  -5.04000,
,,,0.809100000000,  -5.04000,
,,,0.809200000000,  -5.04000,
,,,0.809300000000,  -5.04000,
,,,0.809400000000,  -5.04000,
,,,0.809500000000,  -5.04000,
,,,0.809600000000,  -5.04000,
,,,0.809700000000,  -5.04000,
,,,0.809800000000,  -5.04000,
,,,0.809900000000,  -5.04000,
,,,0.810000000000,  -5.04000,
,,,0.810100000000,  -5.04000,
,,,0.810200000000,  -5.04000,
,,,0.810300000000,  -5.04000,
,,,0.810400000000,  -5.04000,
,,,0.810500000000,  -5.04000,
,,,0.810600000000,  -5.04000,
,,,0.810700000000,  -5.04000,
,,,0.810800000000,  -5.04000,
,,,0.810900000000,  -5.04000,
,,,0.811000000000,  -5.04000,
,,,0.811100000000,  -5.04000,
,,,0.811200000000,  -5.04000,
,,,0.811300000000,  -5.04000,
,,,0.811400000000,  -5.04000,
,,,0.811500000000,  -5.04000,
,,,0.811600000000,  -5.04000,
,,,0.811700000000,  -5.04000,
,,,0.811800000000,  -5.04000,
,,,0.811900000000,  -5.04000,
,,,0.812000000000,  -5.04000,
,,,0.812100000000,  -5.04000,
,,,0.812200000000,  -5.04000,
,,,0.812300000000,  -5.04000,
,,,0.812400000000,  -5.04000,
,,,0.812500000000,  -5.04000,
,,,0.812600000000,  -5.04000,
,,,0.812700000000,  -5.04000,
,,,0.812800000000,  -5.04000,
,,,0.812900000000,  -5.04000,
,,,0.813000000000,  -5.04000,
,,,0.813100000000,  -5.04000,
,,,0.813200000000,  -5.04000,
,,,0.813300000000,  -5.04000,
,,,0.813400000000,  -5.04000,
,,,0.813500000000,  -5.04000,
,,,0.813600000000,  -5.04000,
,,,0.813700000000,  -5.04000,
,,,0.813800000000,  -5.04000,
,,,0.813900000000,  -5.04000,
,,,0.814000000000,  -5.04000,
,,,0.814100000000,  -5.04000,
,,,0.814200000000,  -5.04000,
,,,0.814300000000,  -5.04000,
,,,0.814400000000,  -5.04000,
,,,0.814500000000,  -5.04000,
,,,0.814600000000,  -5.04000,
,,,0.814700000000,  -5.04000,
,,,0.814800000000,  -5.04000,
,,,0.814900000000,  -5.04000,
,,,0.815000000000,  -5.04000,
,,,0.815100000000,  -5.04000,
,,,0.815200000000,  -5.04000,
,,,0.815300000000,  -5.04000,
,,,0.815400000000,  -5.04000,
,,,0.815500000000,  -5.04000,
,,,0.815600000000,  -5.04000,
,,,0.815700000000,  -5.04000,
,,,0.815800000000,  -5.04000,
,,,0.815900000000,  -5.04000,
,,,0.816000000000,  -5.04000,
,,,0.816100000000,  -5.04000,
,,,0.816200000000,  -5.04000,
,,,0.816300000000,  -5.04000,
,,,0.816400000000,  -5.04000,
,,,0.816500000000,  -5.04000,
,,,0.816600000000,  -5.04000,
,,,0.816700000000,  -5.04000,
,,,0.816800000000,  -5.04000,
,,,0.816900000000,  -5.04000,
,,,0.817000000000,  -5.04000,
,,,0.817100000000,  -5.04000,
,,,0.817200000000,  -5.04000,
,,,0.817300000000,  -5.04000,
,,,0.817400000000,  -5.04000,
,,,0.817500000000,  -5.04000,
,,,0.817600000000,  -5.04000,
,,,0.817700000000,  -5.04000,
,,,0.817800000000,  -5.04000,
,,,0.817900000000,  -5.04000,
,,,0.818000000000,  -5.04000,
,,,0.818100000000,  -5.04000,
,,,0.818200000000,  -5.04000,
,,,0.818300000000,  -5.04000,
,,,0.818400000000,  -5.04000,
,,,0.818500000000,  -5.04000,
,,,0.818600000000,  -5.04000,
,,,0.818700000000,  -5.04000,
,,,0.818800000000,  -5.04000,
,,,0.818900000000,  -5.04000,
,,,0.819000000000,  -5.04000,
,,,0.819100000000,  -5.04000,
,,,0.819200000000,  -5.04000,
,,,0.819300000000,  -5.04000,
,,,0.819400000000,  -5.04000,
,,,0.819500000000,  -5.04000,
,,,0.819600000000,  -5.04000,
,,,0.819700000000,  -5.04000,
,,,0.819800000000,  -5.04000,
,,,0.819900000000,  -5.04000,
,,,0.820000000000,  -5.04000,
,,,0.820100000000,  -5.04000,
,,,0.820200000000,  -5.04000,
,,,0.820300000000,  -5.04000,
,,,0.820400000000,  -5.04000,
,,,0.820500000000,  -5.04000,
,,,0.820600000000,  -5.04000,
,,,0.820700000000,  -5.04000,
,,,0.820800000000,  -5.04000,
,,,0.820900000000,  -5.04000,
,,,0.821000000000,  -5.04000,
,,,0.821100000000,  -5.04000,
,,,0.821200000000,  -5.04000,
,,,0.821300000000,  -5.04000,
,,,0.821400000000,  -5.04000,
,,,0.821500000000,  -5.04000,
,,,0.821600000000,  -5.04000,
,,,0.821700000000,  -5.04000,
,,,0.821800000000,  -5.04000,
,,,0.821900000000,  -5.04000,
,,,0.822000000000,  -5.04000,
,,,0.822100000000,  -5.04000,
,,,0.822200000000,  -5.04000,
,,,0.822300000000,  -5.04000,
,,,0.822400000000,  -5.04000,
,,,0.822500000000,  -5.04000,
,,,0.822600000000,  -5.04000,
,,,0.822700000000,  -5.04000,
,,,0.822800000000,  -5.04000,
,,,0.822900000000,  -5.04000,
,,,0.823000000000,  -5.04000,
,,,0.823100000000,  -5.04000,
,,,0.823200000000,  -5.04000,
,,,0.823300000000,  -5.04000,
,,,0.823400000000,  -5.04000,
,,,0.823500000000,  -5.04000,
,,,0.823600000000,  -5.04000,
,,,0.823700000000,  -5.04000,
,,,0.823800000000,  -5.04000,
,,,0.823900000000,  -5.04000,
,,,0.824000000000,  -5.04000,
,,,0.824100000000,  -5.04000,
,,,0.824200000000,  -5.04000,
,,,0.824300000000,  -5.04000,
,,,0.824400000000,  -5.04000,
,,,0.824500000000,  -5.04000,
,,,0.824600000000,  -5.04000,
,,,0.824700000000,  -5.04000,
,,,0.824800000000,  -5.04000,
,,,0.824900000000,  -5.04000,
,,,0.825000000000,  -5.04000,
,,,0.825100000000,  -5.04000,
,,,0.825200000000,  -5.04000,
,,,0.825300000000,  -5.04000,
,,,0.825400000000,  -5.04000,
,,,0.825500000000,  -5.04000,
,,,0.825600000000,  -5.04000,
,,,0.825700000000,  -5.04000,
,,,0.825800000000,  -5.04000,
,,,0.825900000000,  -5.04000,
,,,0.826000000000,  -5.04000,
,,,0.826100000000,  -5.04000,
,,,0.826200000000,  -5.04000,
,,,0.826300000000,  -5.04000,
,,,0.826400000000,  -5.04000,
,,,0.826500000000,  -5.04000,
,,,0.826600000000,  -5.04000,
,,,0.826700000000,  -5.04000,
,,,0.826800000000,  -5.04000,
,,,0.826900000000,  -5.04000,
,,,0.827000000000,  -5.04000,
,,,0.827100000000,  -5.04000,
,,,0.827200000000,  -5.04000,
,,,0.827300000000,  -5.04000,
,,,0.827400000000,  -5.04000,
,,,0.827500000000,  -5.04000,
,,,0.827600000000,  -5.04000,
,,,0.827700000000,  -5.04000,
,,,0.827800000000,  -5.04000,
,,,0.827900000000,  -5.04000,
,,,0.828000000000,  -5.04000,
,,,0.828100000000,  -5.04000,
,,,0.828200000000,  -5.04000,
,,,0.828300000000,  -5.04000,
,,,0.828400000000,  -5.04000,
,,,0.828500000000,  -5.04000,
,,,0.828600000000,  -5.04000,
,,,0.828700000000,  -5.04000,
,,,0.828800000000,  -5.04000,
,,,0.828900000000,  -5.04000,
,,,0.829000000000,  -5.04000,
,,,0.829100000000,  -5.04000,
,,,0.829200000000,  -5.04000,
,,,0.829300000000,  -5.04000,
,,,0.829400000000,  -5.04000,
,,,0.829500000000,  -5.04000,
,,,0.829600000000,  -5.04000,
,,,0.829700000000,  -5.04000,
,,,0.829800000000,  -5.04000,
,,,0.829900000000,  -5.04000,
,,,0.830000000000,  -5.04000,
,,,0.830100000000,  -5.04000,
,,,0.830200000000,  -5.04000,
,,,0.830300000000,  -5.04000,
,,,0.830400000000,  -5.04000,
,,,0.830500000000,  -5.04000,
,,,0.830600000000,  -5.04000,
,,,0.830700000000,  -5.04000,
,,,0.830800000000,  -5.04000,
,,,0.830900000000,  -5.04000,
,,,0.831000000000,  -5.04000,
,,,0.831100000000,  -5.04000,
,,,0.831200000000,  -5.04000,
,,,0.831300000000,  -5.04000,
,,,0.831400000000,  -5.04000,
,,,0.831500000000,  -5.04000,
,,,0.831600000000,  -5.04000,
,,,0.831700000000,  -5.04000,
,,,0.831800000000,  -5.04000,
,,,0.831900000000,  -5.04000,
,,,0.832000000000,  -5.04000,
,,,0.832100000000,  -5.04000,
,,,0.832200000000,  -5.04000,
,,,0.832300000000,  -5.04000,
,,,0.832400000000,  -5.04000,
,,,0.832500000000,  -5.04000,
,,,0.832600000000,  -5.04000,
,,,0.832700000000,  -5.04000,
,,,0.832800000000,  -5.04000,
,,,0.832900000000,  -5.04000,
,,,0.833000000000,  -5.04000,
,,,0.833100000000,  -5.04000,
,,,0.833200000000,  -5.04000,
,,,0.833300000000,  -5.04000,
,,,0.833400000000,  -5.04000,
,,,0.833500000000,  -5.04000,
,,,0.833600000000,  -5.04000,
,,,0.833700000000,  -5.04000,
,,,0.833800000000,  -5.04000,
,,,0.833900000000,  -5.04000,
,,,0.834000000000,  -5.04000,
,,,0.834100000000,  -5.04000,
,,,0.834200000000,  -5.04000,
,,,0.834300000000,  -5.04000,
,,,0.834400000000,  -5.04000,
,,,0.834500000000,  -5.04000,
,,,0.834600000000,  -5.04000,
,,,0.834700000000,  -5.04000,
,,,0.834800000000,  -5.04000,
,,,0.834900000000,  -5.04000,
,,,0.835000000000,  -5.04000,
,,,0.835100000000,  -5.04000,
,,,0.835200000000,  -5.04000,
,,,0.835300000000,  -5.04000,
,,,0.835400000000,  -5.04000,
,,,0.835500000000,  -5.04000,
,,,0.835600000000,  -5.04000,
,,,0.835700000000,  -5.04000,
,,,0.835800000000,  -5.04000,
,,,0.835900000000,  -5.04000,
,,,0.836000000000,  -5.04000,
,,,0.836100000000,  -5.04000,
,,,0.836200000000,  -5.04000,
,,,0.836300000000,  -5.04000,
,,,0.836400000000,  -5.04000,
,,,0.836500000000,  -5.04000,
,,,0.836600000000,  -5.04000,
,,,0.836700000000,  -5.04000,
,,,0.836800000000,  -5.04000,
,,,0.836900000000,  -5.04000,
,,,0.837000000000,  -5.04000,
,,,0.837100000000,  -5.04000,
,,,0.837200000000,  -5.04000,
,,,0.837300000000,  -5.04000,
,,,0.837400000000,  -5.04000,
,,,0.837500000000,  -5.04000,
,,,0.837600000000,  -5.04000,
,,,0.837700000000,  -5.04000,
,,,0.837800000000,  -5.04000,
,,,0.837900000000,  -5.04000,
,,,0.838000000000,  -5.04000,
,,,0.838100000000,  -5.04000,
,,,0.838200000000,  -5.04000,
,,,0.838300000000,  -5.04000,
,,,0.838400000000,  -5.04000,
,,,0.838500000000,  -5.04000,
,,,0.838600000000,  -5.04000,
,,,0.838700000000,  -5.04000,
,,,0.838800000000,  -5.04000,
,,,0.838900000000,  -5.04000,
,,,0.839000000000,  -5.04000,
,,,0.839100000000,  -5.04000,
,,,0.839200000000,  -5.04000,
,,,0.839300000000,  -5.04000,
,,,0.839400000000,  -5.04000,
,,,0.839500000000,  -5.04000,
,,,0.839600000000,  -5.04000,
,,,0.839700000000,  -5.04000,
,,,0.839800000000,  -5.04000,
,,,0.839900000000,  -5.04000,
,,,0.840000000000,  -5.04000,
,,,0.840100000000,  -5.04000,
,,,0.840200000000,  -5.04000,
,,,0.840300000000,  -5.04000,
,,,0.840400000000,  -5.04000,
,,,0.840500000000,  -5.04000,
,,,0.840600000000,  -5.04000,
,,,0.840700000000,  -5.04000,
,,,0.840800000000,  -5.04000,
,,,0.840900000000,  -5.04000,
,,,0.841000000000,  -5.04000,
,,,0.841100000000,  -5.04000,
,,,0.841200000000,  -5.04000,
,,,0.841300000000,  -5.04000,
,,,0.841400000000,  -5.04000,
,,,0.841500000000,  -5.04000,
,,,0.841600000000,  -4.96000,
,,,0.841700000000,  -5.04000,
,,,0.841800000000,  -5.04000,
,,,0.841900000000,  -5.04000,
,,,0.842000000000,  -5.04000,
,,,0.842100000000,  -5.04000,
,,,0.842200000000,  -5.04000,
,,,0.842300000000,  -5.04000,
,,,0.842400000000,  -5.04000,
,,,0.842500000000,  -5.04000,
,,,0.842600000000,  -5.04000,
,,,0.842700000000,  -5.04000,
,,,0.842800000000,  -5.04000,
,,,0.842900000000,  -5.04000,
,,,0.843000000000,  -5.04000,
,,,0.843100000000,  -5.04000,
,,,0.843200000000,  -5.04000,
,,,0.843300000000,  -5.04000,
,,,0.843400000000,  -5.04000,
,,,0.843500000000,  -5.04000,
,,,0.843600000000,  -5.04000,
,,,0.843700000000,  -5.04000,
,,,0.843800000000,  -5.04000,
,,,0.843900000000,  -5.04000,
,,,0.844000000000,  -5.04000,
,,,0.844100000000,  -5.04000,
,,,0.844200000000,  -5.04000,
,,,0.844300000000,  -5.04000,
,,,0.844400000000,  -5.04000,
,,,0.844500000000,  -5.04000,
,,,0.844600000000,  -5.04000,
,,,0.844700000000,  -5.04000,
,,,0.844800000000,  -5.04000,
,,,0.844900000000,  -5.04000,
,,,0.845000000000,  -5.04000,
,,,0.845100000000,  -5.04000,
,,,0.845200000000,  -5.04000,
,,,0.845300000000,  -5.04000,
,,,0.845400000000,  -5.04000,
,,,0.845500000000,  -5.04000,
,,,0.845600000000,  -5.04000,
,,,0.845700000000,  -5.04000,
,,,0.845800000000,  -5.04000,
,,,0.845900000000,  -5.04000,
,,,0.846000000000,  -5.04000,
,,,0.846100000000,  -5.04000,
,,,0.846200000000,  -5.04000,
,,,0.846300000000,  -5.04000,
,,,0.846400000000,  -5.04000,
,,,0.846500000000,  -5.04000,
,,,0.846600000000,  -5.04000,
,,,0.846700000000,  -5.04000,
,,,0.846800000000,  -5.04000,
,,,0.846900000000,  -5.04000,
,,,0.847000000000,  -5.04000,
,,,0.847100000000,  -5.04000,
,,,0.847200000000,  -5.04000,
,,,0.847300000000,  -5.04000,
,,,0.847400000000,  -5.04000,
,,,0.847500000000,  -5.04000,
,,,0.847600000000,  -5.04000,
,,,0.847700000000,  -5.04000,
,,,0.847800000000,  -5.04000,
,,,0.847900000000,  -5.04000,
,,,0.848000000000,  -5.04000,
,,,0.848100000000,  -5.04000,
,,,0.848200000000,  -5.04000,
,,,0.848300000000,  -5.04000,
,,,0.848400000000,  -5.04000,
,,,0.848500000000,  -5.04000,
,,,0.848600000000,  -5.04000,
,,,0.848700000000,  -5.04000,
,,,0.848800000000,  -5.04000,
,,,0.848900000000,  -5.04000,
,,,0.849000000000,  -5.04000,
,,,0.849100000000,  -5.04000,
,,,0.849200000000,  -5.04000,
,,,0.849300000000,  -5.04000,
,,,0.849400000000,  -5.04000,
,,,0.849500000000,  -5.04000,
,,,0.849600000000,  -5.04000,
,,,0.849700000000,  -5.04000,
,,,0.849800000000,  -5.04000,
,,,0.849900000000,  -5.04000,
,,,0.850000000000,  -5.04000,
,,,0.850100000000,  -5.04000,
,,,0.850200000000,  -5.04000,
,,,0.850300000000,  -5.04000,
,,,0.850400000000,  -5.04000,
,,,0.850500000000,  -5.04000,
,,,0.850600000000,  -5.04000,
,,,0.850700000000,  -5.04000,
,,,0.850800000000,  -5.04000,
,,,0.850900000000,  -5.04000,
,,,0.851000000000,  -5.04000,
,,,0.851100000000,  -5.04000,
,,,0.851200000000,  -5.04000,
,,,0.851300000000,  -5.04000,
,,,0.851400000000,  -5.04000,
,,,0.851500000000,  -5.04000,
,,,0.851600000000,  -5.04000,
,,,0.851700000000,  -5.04000,
,,,0.851800000000,  -5.04000,
,,,0.851900000000,  -5.04000,
,,,0.852000000000,  -5.04000,
,,,0.852100000000,  -5.04000,
,,,0.852200000000,  -5.04000,
,,,0.852300000000,  -5.04000,
,,,0.852400000000,  -5.04000,
,,,0.852500000000,  -5.04000,
,,,0.852600000000,  -5.04000,
,,,0.852700000000,  -5.04000,
,,,0.852800000000,  -5.04000,
,,,0.852900000000,  -5.04000,
,,,0.853000000000,  -5.04000,
,,,0.853100000000,  -5.04000,
,,,0.853200000000,  -5.04000,
,,,0.853300000000,  -5.04000,
,,,0.853400000000,  -5.04000,
,,,0.853500000000,  -5.04000,
,,,0.853600000000,  -5.04000,
,,,0.853700000000,  -5.04000,
,,,0.853800000000,  -5.04000,
,,,0.853900000000,  -5.04000,
,,,0.854000000000,  -5.04000,
,,,0.854100000000,  -5.04000,
,,,0.854200000000,  -5.04000,
,,,0.854300000000,  -5.04000,
,,,0.854400000000,  -5.04000,
,,,0.854500000000,  -5.04000,
,,,0.854600000000,  -5.04000,
,,,0.854700000000,  -5.04000,
,,,0.854800000000,  -5.04000,
,,,0.854900000000,  -5.04000,
,,,0.855000000000,  -5.04000,
,,,0.855100000000,  -5.04000,
,,,0.855200000000,  -5.04000,
,,,0.855300000000,  -5.04000,
,,,0.855400000000,  -5.04000,
,,,0.855500000000,  -5.04000,
,,,0.855600000000,  -5.04000,
,,,0.855700000000,  -5.04000,
,,,0.855800000000,  -5.04000,
,,,0.855900000000,  -5.04000,
,,,0.856000000000,  -5.04000,
,,,0.856100000000,  -5.04000,
,,,0.856200000000,  -5.04000,
,,,0.856300000000,  -5.04000,
,,,0.856400000000,  -5.04000,
,,,0.856500000000,  -5.04000,
,,,0.856600000000,  -5.04000,
,,,0.856700000000,  -5.04000,
,,,0.856800000000,  -5.04000,
,,,0.856900000000,  -5.04000,
,,,0.857000000000,  -5.04000,
,,,0.857100000000,  -5.04000,
,,,0.857200000000,  -5.04000,
,,,0.857300000000,  -5.04000,
,,,0.857400000000,  -5.04000,
,,,0.857500000000,  -5.04000,
,,,0.857600000000,  -5.04000,
,,,0.857700000000,  -5.04000,
,,,0.857800000000,  -5.04000,
,,,0.857900000000,  -5.04000,
,,,0.858000000000,  -5.04000,
,,,0.858100000000,  -5.04000,
,,,0.858200000000,  -5.04000,
,,,0.858300000000,  -5.04000,
,,,0.858400000000,  -5.04000,
,,,0.858500000000,  -5.04000,
,,,0.858600000000,  -5.04000,
,,,0.858700000000,  -5.04000,
,,,0.858800000000,  -5.04000,
,,,0.858900000000,  -5.04000,
,,,0.859000000000,  -5.04000,
,,,0.859100000000,  -5.04000,
,,,0.859200000000,  -5.04000,
,,,0.859300000000,  -5.04000,
,,,0.859400000000,  -5.04000,
,,,0.859500000000,  -5.04000,
,,,0.859600000000,  -5.04000,
,,,0.859700000000,  -5.04000,
,,,0.859800000000,  -5.04000,
,,,0.859900000000,  -5.04000,
,,,0.860000000000,  -5.04000,
,,,0.860100000000,  -5.04000,
,,,0.860200000000,  -5.04000,
,,,0.860300000000,  -5.04000,
,,,0.860400000000,  -5.04000,
,,,0.860500000000,  -5.04000,
,,,0.860600000000,  -5.04000,
,,,0.860700000000,  -5.04000,
,,,0.860800000000,  -5.04000,
,,,0.860900000000,  -5.04000,
,,,0.861000000000,  -5.04000,
,,,0.861100000000,  -5.04000,
,,,0.861200000000,  -5.04000,
,,,0.861300000000,  -5.04000,
,,,0.861400000000,  -5.04000,
,,,0.861500000000,  -5.04000,
,,,0.861600000000,  -5.04000,
,,,0.861700000000,  -5.04000,
,,,0.861800000000,  -5.04000,
,,,0.861900000000,  -5.04000,
,,,0.862000000000,  -5.04000,
,,,0.862100000000,  -5.04000,
,,,0.862200000000,  -5.04000,
,,,0.862300000000,  -5.04000,
,,,0.862400000000,  -5.04000,
,,,0.862500000000,  -5.04000,
,,,0.862600000000,  -5.04000,
,,,0.862700000000,  -5.04000,
,,,0.862800000000,  -5.04000,
,,,0.862900000000,  -5.04000,
,,,0.863000000000,  -5.04000,
,,,0.863100000000,  -5.04000,
,,,0.863200000000,  -5.04000,
,,,0.863300000000,  -5.04000,
,,,0.863400000000,  -5.04000,
,,,0.863500000000,  -5.04000,
,,,0.863600000000,  -5.04000,
,,,0.863700000000,  -5.04000,
,,,0.863800000000,  -5.04000,
,,,0.863900000000,  -5.04000,
,,,0.864000000000,  -5.04000,
,,,0.864100000000,  -5.04000,
,,,0.864200000000,  -5.04000,
,,,0.864300000000,  -5.04000,
,,,0.864400000000,  -5.04000,
,,,0.864500000000,  -5.04000,
,,,0.864600000000,  -5.04000,
,,,0.864700000000,  -5.04000,
,,,0.864800000000,  -5.04000,
,,,0.864900000000,  -5.04000,
,,,0.865000000000,  -5.04000,
,,,0.865100000000,  -5.04000,
,,,0.865200000000,  -5.04000,
,,,0.865300000000,  -5.04000,
,,,0.865400000000,  -5.04000,
,,,0.865500000000,  -5.04000,
,,,0.865600000000,  -5.04000,
,,,0.865700000000,  -5.04000,
,,,0.865800000000,  -5.04000,
,,,0.865900000000,  -5.04000,
,,,0.866000000000,  -5.04000,
,,,0.866100000000,  -5.04000,
,,,0.866200000000,  -5.04000,
,,,0.866300000000,  -5.04000,
,,,0.866400000000,  -5.04000,
,,,0.866500000000,  -5.04000,
,,,0.866600000000,  -5.04000,
,,,0.866700000000,  -5.04000,
,,,0.866800000000,  -5.04000,
,,,0.866900000000,  -5.04000,
,,,0.867000000000,  -5.04000,
,,,0.867100000000,  -5.04000,
,,,0.867200000000,  -5.04000,
,,,0.867300000000,  -5.04000,
,,,0.867400000000,  -5.04000,
,,,0.867500000000,  -5.04000,
,,,0.867600000000,  -5.04000,
,,,0.867700000000,  -5.04000,
,,,0.867800000000,  -5.04000,
,,,0.867900000000,  -5.04000,
,,,0.868000000000,  -5.04000,
,,,0.868100000000,  -5.04000,
,,,0.868200000000,  -5.04000,
,,,0.868300000000,  -5.04000,
,,,0.868400000000,  -5.04000,
,,,0.868500000000,  -5.04000,
,,,0.868600000000,  -5.04000,
,,,0.868700000000,  -5.04000,
,,,0.868800000000,  -5.04000,
,,,0.868900000000,  -5.04000,
,,,0.869000000000,  -5.04000,
,,,0.869100000000,  -5.04000,
,,,0.869200000000,  -5.04000,
,,,0.869300000000,  -5.04000,
,,,0.869400000000,  -5.04000,
,,,0.869500000000,  -5.04000,
,,,0.869600000000,  -5.04000,
,,,0.869700000000,  -5.04000,
,,,0.869800000000,  -5.04000,
,,,0.869900000000,  -5.04000,
,,,0.870000000000,  -5.04000,
,,,0.870100000000,  -5.04000,
,,,0.870200000000,  -5.04000,
,,,0.870300000000,  -5.04000,
,,,0.870400000000,  -5.04000,
,,,0.870500000000,  -5.04000,
,,,0.870600000000,  -5.04000,
,,,0.870700000000,  -5.04000,
,,,0.870800000000,  -5.04000,
,,,0.870900000000,  -5.04000,
